theta,iteration,draw,chain
-0.345806,1,1,1
-0.309426,2,2,1
-5.44647,3,3,1
2.86153,4,4,1
2.56605,5,5,1
1.85127,6,6,1
3.11237,7,7,1
0.446782,8,8,1
0.301056,9,9,1
1.89643,10,10,1
4.58513,11,11,1
-3.59452,12,12,1
1.20629,13,13,1
-1.15297,14,14,1
-4.5224,15,15,1
3.79093,16,16,1
-3.74447,17,17,1
3.40119,18,18,1
-0.240677,19,19,1
2.01501,20,20,1
0.109048,21,21,1
-0.0987015,22,22,1
-1.20991,23,23,1
1.85131,24,24,1
-0.72438,25,25,1
-2.62615,26,26,1
4.84061,27,27,1
0.631041,28,28,1
4.83575,29,29,1
-0.34506,30,30,1
3.16807,31,31,1
4.67703,32,32,1
2.50278,33,33,1
2.57273,34,34,1
3.48409,35,35,1
4.43547,36,36,1
3.9472,37,37,1
2.58696,38,38,1
3.70966,39,39,1
2.3424,40,40,1
2.76306,41,41,1
0.357092,42,42,1
-5.45211,43,43,1
1.31749,44,44,1
4.67559,45,45,1
2.36634,46,46,1
-2.5371,47,47,1
2.61163,48,48,1
1.70176,49,49,1
4.00427,50,50,1
-0.875762,51,51,1
4.37024,52,52,1
-0.241075,53,53,1
3.00543,54,54,1
-1.88326,55,55,1
3.11894,56,56,1
-4.06489,57,57,1
2.55921,58,58,1
-5.10163,59,59,1
-3.2599,60,60,1
-3.11651,61,61,1
0.598053,62,62,1
2.36953,63,63,1
3.73839,64,64,1
1.62449,65,65,1
0.658046,66,66,1
1.69867,67,67,1
4.53627,68,68,1
-4.6465,69,69,1
-2.81289,70,70,1
-3.68361,71,71,1
1.44516,72,72,1
-0.27113,73,73,1
0.984893,74,74,1
-0.412092,75,75,1
2.16653,76,76,1
1.73564,77,77,1
-3.44435,78,78,1
3.2661,79,79,1
0.157131,80,80,1
1.94683,81,81,1
-1.12318,82,82,1
-4.14278,83,83,1
-3.04776,84,84,1
-3.77991,85,85,1
-0.978391,86,86,1
4.5637,87,87,1
3.66355,88,88,1
2.52311,89,89,1
-4.66549,90,90,1
-2.08344,91,91,1
-4.9813,92,92,1
3.62019,93,93,1
-1.77888,94,94,1
2.81304,95,95,1
1.9211,96,96,1
-3.44691,97,97,1
0.285394,98,98,1
0.597475,99,99,1
1.32319,100,100,1
3.19601,101,101,1
-0.749533,102,102,1
-0.154438,103,103,1
-4.28829,104,104,1
2.30792,105,105,1
3.54809,106,106,1
-3.49738,107,107,1
-5.36684,108,108,1
-4.21011,109,109,1
3.76502,110,110,1
-3.22997,111,111,1
1.10397,112,112,1
0.263274,113,113,1
4.01696,114,114,1
4.67942,115,115,1
2.36203,116,116,1
0.441377,117,117,1
-5.10925,118,118,1
3.64539,119,119,1
0.834599,120,120,1
2.60086,121,121,1
1.17046,122,122,1
2.15284,123,123,1
3.86688,124,124,1
4.64064,125,125,1
-2.85351,126,126,1
1.56915,127,127,1
-3.36173,128,128,1
1.53685,129,129,1
-3.79657,130,130,1
-0.328126,131,131,1
-1.34049,132,132,1
0.28634,133,133,1
-3.49335,134,134,1
-2.26144,135,135,1
2.47716,136,136,1
0.52911300000000006,137,137,1
2.25434,138,138,1
-0.327102,139,139,1
4.9899,140,140,1
-0.901098,141,141,1
3.53346,142,142,1
-0.357748,143,143,1
4.16469,144,144,1
-3.16528,145,145,1
3.67183,146,146,1
3.16066,147,147,1
-4.21798,148,148,1
-5.18269,149,149,1
2.31864,150,150,1
3.36987,151,151,1
-0.309942,152,152,1
-4.88993,153,153,1
-3.26767,154,154,1
3.03619,155,155,1
3.29239,156,156,1
4.14621,157,157,1
-5.75953,158,158,1
1.4791,159,159,1
-0.0652528,160,160,1
2.15962,161,161,1
2.53188,162,162,1
-0.280199,163,163,1
4.34134,164,164,1
-0.733941,165,165,1
-5.55059,166,166,1
-4.83709,167,167,1
1.49266,168,168,1
1.53593,169,169,1
1.59102,170,170,1
2.51055,171,171,1
-1.5011,172,172,1
2.53516,173,173,1
2.93518,174,174,1
0.800177,175,175,1
3.90874,176,176,1
-0.294399,177,177,1
4.45467,178,178,1
2.82142,179,179,1
0.0765315,180,180,1
2.2627100000000002,181,181,1
3.58873,182,182,1
-1.21476,183,183,1
-5.02722,184,184,1
-0.10523,185,185,1
-1.77115,186,186,1
4.44205,187,187,1
1.85365,188,188,1
4.32498,189,189,1
2.58359,190,190,1
0.0624895,191,191,1
2.0615,192,192,1
1.54186,193,193,1
-3.16417,194,194,1
3.80344,195,195,1
-0.505636,196,196,1
0.891968,197,197,1
0.470244,198,198,1
-3.40792,199,199,1
0.790382,200,200,1
3.38691,201,201,1
-0.345805,202,202,1
2.8359,203,203,1
2.01995,204,204,1
-0.765656,205,205,1
-0.303065,206,206,1
0.710656,207,207,1
-0.68669,208,208,1
0.0364013,209,209,1
2.26845,210,210,1
2.58505,211,211,1
0.353128,212,212,1
1.93296,213,213,1
-1.61668,214,214,1
1.85064,215,215,1
-3.8922,216,216,1
0.964995,217,217,1
-0.0165174,218,218,1
3.59123,219,219,1
3.71057,220,220,1
-3.95369,221,221,1
-4.50831,222,222,1
3.56368,223,223,1
-2.6974,224,224,1
-0.00218059,225,225,1
-0.295531,226,226,1
-0.900065,227,227,1
-2.77443,228,228,1
-0.375009,229,229,1
-4.45143,230,230,1
2.44765,231,231,1
3.1868,232,232,1
5.09918,233,233,1
0.016443,234,234,1
2.41281,235,235,1
-0.870441,236,236,1
-4.43746,237,237,1
2.17654,238,238,1
-0.108829,239,239,1
2.97024,240,240,1
1.51209,241,241,1
3.75154,242,242,1
-3.41223,243,243,1
4.45342,244,244,1
0.612437,245,245,1
2.09204,246,246,1
-5.1044,247,247,1
3.52584,248,248,1
2.52996,249,249,1
2.1529,250,250,1
4.27192,251,251,1
-3.56964,252,252,1
0.561599,253,253,1
2.15857,254,254,1
3.59789,255,255,1
4.0474,256,256,1
2.25253,257,257,1
-3.00989,258,258,1
0.738211,259,259,1
-2.89165,260,260,1
-2.82649,261,261,1
-4.59806,262,262,1
2.47084,263,263,1
2.80985,264,264,1
4.25884,265,265,1
1.04889,266,266,1
1.63804,267,267,1
0.387648,268,268,1
-0.457969,269,269,1
1.33916,270,270,1
2.8423,271,271,1
-0.369643,272,272,1
0.802692,273,273,1
-5.38866,274,274,1
3.29251,275,275,1
-0.914681,276,276,1
-4.71591,277,277,1
2.86287,278,278,1
-0.2493,279,279,1
2.46954,280,280,1
4.13068,281,281,1
0.270003,282,282,1
-3.3113,283,283,1
1.57768,284,284,1
0.197342,285,285,1
-6.00203,286,286,1
4.20618,287,287,1
0.345817,288,288,1
1.1318,289,289,1
0.0360539,290,290,1
-3.90418,291,291,1
0.763051,292,292,1
2.22784,293,293,1
2.96543,294,294,1
1.66119,295,295,1
1.91768,296,296,1
0.249124,297,297,1
2.02467,298,298,1
-1.11054,299,299,1
1.54753,300,300,1
1.69529,301,301,1
0.624626,302,302,1
-1.0945,303,303,1
2.47717,304,304,1
2.31808,305,305,1
2.86183,306,306,1
-3.9019,307,307,1
-0.433687,308,308,1
3.13853,309,309,1
-4.75292,310,310,1
4.26709,311,311,1
5.24931,312,312,1
0.212356,313,313,1
-2.38507,314,314,1
1.69288,315,315,1
-1.78385,316,316,1
0.0810155,317,317,1
-0.879331,318,318,1
0.740333,319,319,1
2.29939,320,320,1
-1.55137,321,321,1
1.26843,322,322,1
-3.62278,323,323,1
1.05318,324,324,1
-0.438865,325,325,1
0.891857,326,326,1
2.96763,327,327,1
4.21283,328,328,1
-0.0164783,329,329,1
2.86043,330,330,1
-0.137281,331,331,1
-0.216819,332,332,1
0.672298,333,333,1
-2.17006,334,334,1
2.8673,335,335,1
2.56699,336,336,1
2.78983,337,337,1
-4.98021,338,338,1
-1.59322,339,339,1
-4.60286,340,340,1
-0.637201,341,341,1
3.8343,342,342,1
1.76496,343,343,1
-0.357506,344,344,1
-3.65608,345,345,1
1.37204,346,346,1
4.79313,347,347,1
-0.26355,348,348,1
4.78146,349,349,1
-2.14134,350,350,1
0.718505,351,351,1
0.409929,352,352,1
3.12901,353,353,1
2.86153,354,354,1
0.415061,355,355,1
2.07452,356,356,1
-0.317977,357,357,1
1.73458,358,358,1
2.46646,359,359,1
2.90018,360,360,1
-0.842823,361,361,1
3.8513,362,362,1
-0.0626036,363,363,1
-0.892424,364,364,1
-5.5907,365,365,1
-1.04136,366,366,1
-0.23104,367,367,1
2.03399,368,368,1
-1.23034,369,369,1
-3.33043,370,370,1
1.7932,371,371,1
-0.1938,372,372,1
3.89143,373,373,1
-3.839,374,374,1
2.74776,375,375,1
0.878621,376,376,1
-0.585644,377,377,1
0.929754,378,378,1
-0.944881,379,379,1
-3.43159,380,380,1
3.59323,381,381,1
-2.08534,382,382,1
2.75282,383,383,1
3.20362,384,384,1
0.106126,385,385,1
3.7919,386,386,1
-3.1103,387,387,1
2.32772,388,388,1
-5.60744,389,389,1
1.71207,390,390,1
2.67855,391,391,1
-3.03996,392,392,1
2.72589,393,393,1
3.60813,394,394,1
-3.22151,395,395,1
3.05151,396,396,1
-0.860955,397,397,1
-1.14069,398,398,1
-3.49084,399,399,1
1.22689,400,400,1
3.70429,401,401,1
2.44739,402,402,1
0.759016,403,403,1
0.420626,404,404,1
2.91298,405,405,1
0.149852,406,406,1
-0.557606,407,407,1
-4.03072,408,408,1
0.527069,409,409,1
0.131516,410,410,1
2.43171,411,411,1
2.6736,412,412,1
-0.616632,413,413,1
0.924929,414,414,1
-4.22187,415,415,1
0.0490767,416,416,1
-3.00287,417,417,1
1.55991,418,418,1
-3.2802,419,419,1
-6.00825,420,420,1
-0.572038,421,421,1
3.27353,422,422,1
0.664903,423,423,1
3.76893,424,424,1
2.42723,425,425,1
-2.89275,426,426,1
-3.56064,427,427,1
-3.35966,428,428,1
2.61927,429,429,1
-4.36929,430,430,1
-4.55551,431,431,1
0.210985,432,432,1
-4.26605,433,433,1
-1.66097,434,434,1
1.70533,435,435,1
2.30384,436,436,1
-1.00225,437,437,1
0.620188,438,438,1
-0.780708,439,439,1
0.634441,440,440,1
-4.23448,441,441,1
4.31219,442,442,1
-3.04055,443,443,1
-4.85779,444,444,1
-1.54882,445,445,1
2.41278,446,446,1
2.24253,447,447,1
2.24066,448,448,1
0.84161300000000006,449,449,1
3.23496,450,450,1
1.50319,451,451,1
0.197436,452,452,1
-4.54472,453,453,1
-4.9452,454,454,1
-5.13527,455,455,1
3.32607,456,456,1
2.94098,457,457,1
2.74243,458,458,1
1.43855,459,459,1
1.03828,460,460,1
-0.0697863,461,461,1
0.169012,462,462,1
-1.64928,463,463,1
3.60331,464,464,1
2.06104,465,465,1
3.7939,466,466,1
2.65768,467,467,1
3.33801,468,468,1
0.591024,469,469,1
1.99165,470,470,1
-3.90424,471,471,1
3.99055,472,472,1
1.56856,473,473,1
0.109678,474,474,1
-0.711967,475,475,1
2.27538,476,476,1
2.35132,477,477,1
-3.88732,478,478,1
3.23373,479,479,1
3.23455,480,480,1
1.9318,481,481,1
3.47612,482,482,1
0.537432,483,483,1
2.28832,484,484,1
1.05159,485,485,1
-4.06373,486,486,1
-1.57678,487,487,1
-4.88144,488,488,1
0.263357,489,489,1
-5.49819,490,490,1
2.08865,491,491,1
-6.68923,492,492,1
-6.9861,493,493,1
2.81296,494,494,1
-0.139686,495,495,1
3.88922,496,496,1
0.333491,497,497,1
3.55916,498,498,1
3.34116,499,499,1
3.94905,500,500,1
2.74615,501,501,1
2.67358,502,502,1
3.41805,503,503,1
0.761215,504,504,1
2.90593,505,505,1
3.94544,506,506,1
3.38084,507,507,1
-0.353113,508,508,1
3.40386,509,509,1
4.17355,510,510,1
-4.69515,511,511,1
-4.34383,512,512,1
-0.644877,513,513,1
2.82738,514,514,1
0.332392,515,515,1
-3.04654,516,516,1
3.97566,517,517,1
1.29896,518,518,1
2.92882,519,519,1
0.316452,520,520,1
2.51483,521,521,1
-3.24089,522,522,1
2.79194,523,523,1
2.54719,524,524,1
3.63467,525,525,1
-4.63405,526,526,1
-1.82318,527,527,1
3.72801,528,528,1
-3.59085,529,529,1
0.167813,530,530,1
0.736583,531,531,1
-4.19305,532,532,1
3.44114,533,533,1
1.4133,534,534,1
3.32384,535,535,1
4.517,536,536,1
2.31524,537,537,1
1.7546,538,538,1
-2.50081,539,539,1
2.30535,540,540,1
2.75914,541,541,1
4.04506,542,542,1
3.514,543,543,1
-0.226467,544,544,1
0.511326,545,545,1
1.75208,546,546,1
-0.189866,547,547,1
-4.41079,548,548,1
4.44907,549,549,1
-1.87347,550,550,1
-3.12367,551,551,1
3.35781,552,552,1
1.77222,553,553,1
0.640362,554,554,1
4.2165,555,555,1
3.7118,556,556,1
-0.63545,557,557,1
4.47164,558,558,1
4.37806,559,559,1
2.32233,560,560,1
3.25613,561,561,1
4.12302,562,562,1
2.70902,563,563,1
3.21114,564,564,1
0.675356,565,565,1
1.69881,566,566,1
0.47395,567,567,1
2.23307,568,568,1
2.5674,569,569,1
1.51909,570,570,1
-0.116815,571,571,1
-2.58031,572,572,1
-0.679772,573,573,1
0.59794,574,574,1
-1.41768,575,575,1
0.905317,576,576,1
3.45514,577,577,1
3.2375,578,578,1
2.64374,579,579,1
-0.674207,580,580,1
3.18561,581,581,1
-3.95579,582,582,1
3.89515,583,583,1
3.9972,584,584,1
2.56076,585,585,1
-0.719114,586,586,1
0.505757,587,587,1
2.47793,588,588,1
2.93306,589,589,1
-0.464951,590,590,1
-3.77253,591,591,1
-2.49663,592,592,1
0.338221,593,593,1
3.31466,594,594,1
-3.76339,595,595,1
-2.76066,596,596,1
-4.40735,597,597,1
1.85248,598,598,1
1.95175,599,599,1
-0.383282,600,600,1
-0.290567,601,601,1
0.35648,602,602,1
-3.75207,603,603,1
-0.259734,604,604,1
0.415018,605,605,1
1.06663,606,606,1
3.01446,607,607,1
-5.85962,608,608,1
3.50766,609,609,1
0.658562,610,610,1
-0.547513,611,611,1
-2.63196,612,612,1
3.64772,613,613,1
0.417305,614,614,1
-0.59469,615,615,1
5.21287,616,616,1
-3.03101,617,617,1
-6.55161,618,618,1
2.87375,619,619,1
-0.307085,620,620,1
4.23578,621,621,1
1.81356,622,622,1
2.76402,623,623,1
4.49872,624,624,1
-3.2512,625,625,1
-0.179238,626,626,1
3.7803,627,627,1
0.383726,628,628,1
-4.06866,629,629,1
1.88806,630,630,1
4.52913,631,631,1
3.44641,632,632,1
1.19195,633,633,1
2.6317,634,634,1
-0.627735,635,635,1
2.74518,636,636,1
3.19932,637,637,1
-1.48033,638,638,1
0.452573,639,639,1
0.0468717,640,640,1
2.43751,641,641,1
1.37048,642,642,1
0.872737,643,643,1
0.426493,644,644,1
1.07783,645,645,1
2.06006,646,646,1
-4.78849,647,647,1
0.210066,648,648,1
3.84225,649,649,1
1.24019,650,650,1
0.375478,651,651,1
2.56496,652,652,1
2.64397,653,653,1
-0.0832282,654,654,1
0.863723,655,655,1
2.05983,656,656,1
2.25721,657,657,1
-2.70693,658,658,1
3.2294,659,659,1
-3.83698,660,660,1
-4.19328,661,661,1
3.55834,662,662,1
-2.47882,663,663,1
-4.39124,664,664,1
3.78762,665,665,1
-0.703132,666,666,1
-4.90771,667,667,1
3.25208,668,668,1
-3.81156,669,669,1
1.32665,670,670,1
-0.213582,671,671,1
-0.14005,672,672,1
3.23943,673,673,1
1.29565,674,674,1
-5.50778,675,675,1
1.54868,676,676,1
2.92775,677,677,1
1.64135,678,678,1
-4.2354,679,679,1
4.82441,680,680,1
-2.5376,681,681,1
-5.76181,682,682,1
-1.46821,683,683,1
-0.113703,684,684,1
0.187013,685,685,1
-0.168104,686,686,1
-3.61106,687,687,1
1.29789,688,688,1
2.60375,689,689,1
3.70724,690,690,1
1.10951,691,691,1
3.30641,692,692,1
3.26594,693,693,1
-0.383329,694,694,1
-2.85179,695,695,1
3.96645,696,696,1
2.09826,697,697,1
-2.69256,698,698,1
-3.63372,699,699,1
3.16469,700,700,1
-1.86899,701,701,1
-4.30371,702,702,1
2.07007,703,703,1
0.718266,704,704,1
2.37573,705,705,1
1.69379,706,706,1
-0.247192,707,707,1
-3.61276,708,708,1
-0.566111,709,709,1
-1.05802,710,710,1
4.51349,711,711,1
2.20316,712,712,1
0.257185,713,713,1
3.54893,714,714,1
-0.821443,715,715,1
0.74001,716,716,1
4.36696,717,717,1
3.17444,718,718,1
4.248,719,719,1
2.46502,720,720,1
-0.144311,721,721,1
-3.11805,722,722,1
2.65586,723,723,1
0.0943106,724,724,1
-1.84201,725,725,1
-1.34153,726,726,1
1.76539,727,727,1
-2.99922,728,728,1
4.04266,729,729,1
0.260967,730,730,1
1.97588,731,731,1
-4.41953,732,732,1
-5.29303,733,733,1
-4.37225,734,734,1
1.59583,735,735,1
3.00228,736,736,1
0.452042,737,737,1
1.01931,738,738,1
-0.388363,739,739,1
0.334311,740,740,1
3.69766,741,741,1
2.36716,742,742,1
2.4877,743,743,1
2.78842,744,744,1
3.23204,745,745,1
2.37243,746,746,1
3.30085,747,747,1
2.69279,748,748,1
-4.07258,749,749,1
-0.18219,750,750,1
-0.302375,751,751,1
4.54167,752,752,1
-0.928578,753,753,1
-5.44949,754,754,1
-0.788942,755,755,1
1.7344,756,756,1
-0.38447,757,757,1
4.05752,758,758,1
2.37145,759,759,1
-5.2908,760,760,1
4.10045,761,761,1
-3.60622,762,762,1
0.39671,763,763,1
3.88937,764,764,1
1.47661,765,765,1
-3.95459,766,766,1
-0.635108,767,767,1
2.85296,768,768,1
2.4781,769,769,1
-4.25092,770,770,1
1.81805,771,771,1
1.57821,772,772,1
0.0608273,773,773,1
5.19605,774,774,1
-0.554861,775,775,1
-4.22663,776,776,1
1.31754,777,777,1
3.01914,778,778,1
3.18468,779,779,1
2.98817,780,780,1
4.36426,781,781,1
0.0811618,782,782,1
4.36312,783,783,1
1.80428,784,784,1
3.80065,785,785,1
3.09257,786,786,1
2.84707,787,787,1
0.197568,788,788,1
-3.11667,789,789,1
-3.96474,790,790,1
2.98661,791,791,1
1.82702,792,792,1
-4.4519,793,793,1
2.05905,794,794,1
0.981679,795,795,1
0.715538,796,796,1
-0.239378,797,797,1
-3.57716,798,798,1
-0.0193933,799,799,1
3.89283,800,800,1
-4.32647,801,801,1
-1.41935,802,802,1
1.58006,803,803,1
0.455409,804,804,1
-3.29197,805,805,1
0.364974,806,806,1
-1.97422,807,807,1
-0.00754164,808,808,1
3.5176,809,809,1
5.66544,810,810,1
0.174264,811,811,1
2.52601,812,812,1
-3.50646,813,813,1
-4.1873,814,814,1
2.4199,815,815,1
-4.74276,816,816,1
5.18874,817,817,1
-0.509727,818,818,1
-0.0153564,819,819,1
2.97808,820,820,1
4.00319,821,821,1
0.0204706,822,822,1
3.77997,823,823,1
4.33102,824,824,1
4.19406,825,825,1
4.12411,826,826,1
-0.0727074,827,827,1
1.57248,828,828,1
0.632359,829,829,1
3.56399,830,830,1
1.26734,831,831,1
-3.67089,832,832,1
3.40443,833,833,1
1.46982,834,834,1
-4.66028,835,835,1
-3.95136,836,836,1
2.4146,837,837,1
2.45832,838,838,1
2.36689,839,839,1
2.93507,840,840,1
1.68836,841,841,1
-1.35967,842,842,1
0.0867532,843,843,1
-0.234545,844,844,1
2.91464,845,845,1
0.824679,846,846,1
3.32022,847,847,1
3.18349,848,848,1
4.02694,849,849,1
0.782099,850,850,1
-0.282893,851,851,1
-0.00823603,852,852,1
3.11809,853,853,1
3.69172,854,854,1
-4.21091,855,855,1
1.50048,856,856,1
2.13512,857,857,1
1.14407,858,858,1
4.25881,859,859,1
-0.80559,860,860,1
-1.67714,861,861,1
1.4732,862,862,1
4.45477,863,863,1
-4.16854,864,864,1
-4.34831,865,865,1
2.51778,866,866,1
1.54555,867,867,1
3.50918,868,868,1
2.82363,869,869,1
4.4375,870,870,1
2.71204,871,871,1
2.76012,872,872,1
-0.591123,873,873,1
1.59668,874,874,1
2.6477,875,875,1
2.01744,876,876,1
0.123875,877,877,1
-0.791185,878,878,1
0.410564,879,879,1
2.08328,880,880,1
-0.129144,881,881,1
-2.89116,882,882,1
3.09299,883,883,1
-3.23571,884,884,1
2.68615,885,885,1
-0.185753,886,886,1
0.294263,887,887,1
3.37937,888,888,1
-5.81179,889,889,1
-4.04611,890,890,1
0.787583,891,891,1
2.88633,892,892,1
0.36972,893,893,1
0.463305,894,894,1
-3.03888,895,895,1
3.49397,896,896,1
3.27806,897,897,1
1.7042,898,898,1
1.72988,899,899,1
0.396818,900,900,1
-5.0752,901,901,1
-1.62127,902,902,1
2.9229,903,903,1
-0.194738,904,904,1
2.79157,905,905,1
-2.55384,906,906,1
-2.58632,907,907,1
3.02909,908,908,1
-5.08882,909,909,1
-4.81726,910,910,1
3.40824,911,911,1
-3.90866,912,912,1
-3.63399,913,913,1
-3.32985,914,914,1
2.05308,915,915,1
-6.07406,916,916,1
-1.4798,917,917,1
-0.139051,918,918,1
3.40502,919,919,1
4.53946,920,920,1
2.18322,921,921,1
-3.83994,922,922,1
-0.175352,923,923,1
-0.248733,924,924,1
-1.59747,925,925,1
-3.79206,926,926,1
-2.19308,927,927,1
-3.13103,928,928,1
4.63782,929,929,1
-0.680394,930,930,1
2.53843,931,931,1
2.64266,932,932,1
1.20938,933,933,1
-4.85165,934,934,1
2.93908,935,935,1
0.990979,936,936,1
-4.71995,937,937,1
-0.0942024,938,938,1
0.810851,939,939,1
3.40804,940,940,1
-0.624366,941,941,1
3.12399,942,942,1
-1.41015,943,943,1
2.04384,944,944,1
-1.41298,945,945,1
-0.763576,946,946,1
0.183685,947,947,1
1.3935,948,948,1
-1.62113,949,949,1
-4.14553,950,950,1
-3.88823,951,951,1
-1.05795,952,952,1
-0.979473,953,953,1
4.35227,954,954,1
3.56994,955,955,1
3.0427,956,956,1
-0.758148,957,957,1
4.27951,958,958,1
3.26154,959,959,1
-4.85524,960,960,1
-0.913521,961,961,1
0.726385,962,962,1
-4.75955,963,963,1
-4.91431,964,964,1
3.90936,965,965,1
-1.03564,966,966,1
2.82909,967,967,1
2.46543,968,968,1
1.70678,969,969,1
2.27453,970,970,1
1.61867,971,971,1
0.809498,972,972,1
-1.63186,973,973,1
4.901,974,974,1
-4.29188,975,975,1
-1.80145,976,976,1
1.06951,977,977,1
0.0666331,978,978,1
3.49525,979,979,1
-0.940795,980,980,1
-5.07158,981,981,1
-3.57597,982,982,1
2.06345,983,983,1
3.2738,984,984,1
-1.78643,985,985,1
-3.93385,986,986,1
-2.56854,987,987,1
-0.94662,988,988,1
1.79355,989,989,1
2.68967,990,990,1
-3.84513,991,991,1
-1.77935,992,992,1
0.0213301,993,993,1
1.83472,994,994,1
0.0853859,995,995,1
-0.602739,996,996,1
3.61281,997,997,1
-3.94863,998,998,1
0.276486,999,999,1
4.17141,1000,1000,1
-3.21497,1,1001,2
1.28956,2,1002,2
3.55146,3,1003,2
2.98919,4,1004,2
-0.429835,5,1005,2
-3.6394,6,1006,2
-0.0956116,7,1007,2
-4.44313,8,1008,2
-3.90826,9,1009,2
-3.99909,10,1010,2
-2.00054,11,1011,2
-5.48875,12,1012,2
4.08451,13,1013,2
-3.54664,14,1014,2
3.14062,15,1015,2
1.24377,16,1016,2
-0.0461611,17,1017,2
-3.07126,18,1018,2
-1.67486,19,1019,2
2.80318,20,1020,2
-1.20909,21,1021,2
-4.00023,22,1022,2
-3.59435,23,1023,2
2.95138,24,1024,2
3.56855,25,1025,2
-3.28149,26,1026,2
-0.640147,27,1027,2
1.79875,28,1028,2
2.35429,29,1029,2
-3.09327,30,1030,2
1.34941,31,1031,2
4.19539,32,1032,2
-0.680717,33,1033,2
3.74166,34,1034,2
2.73067,35,1035,2
-1.52316,36,1036,2
-3.93886,37,1037,2
1.73868,38,1038,2
2.41177,39,1039,2
-2.73699,40,1040,2
-1.21171,41,1041,2
3.93518,42,1042,2
3.81961,43,1043,2
-0.00262817,44,1044,2
1.31207,45,1045,2
-4.31361,46,1046,2
-4.52734,47,1047,2
4.73278,48,1048,2
-3.0645,49,1049,2
3.00297,50,1050,2
-4.72532,51,1051,2
-1.58407,52,1052,2
4.59341,53,1053,2
2.05819,54,1054,2
-4.7884,55,1055,2
2.79102,56,1056,2
2.02616,57,1057,2
0.144288,58,1058,2
0.821052,59,1059,2
3.53513,60,1060,2
-3.91201,61,1061,2
-3.14535,62,1062,2
3.31029,63,1063,2
-0.279759,64,1064,2
2.65704,65,1065,2
1.87304,66,1066,2
1.679,67,1067,2
-0.133217,68,1068,2
-0.995786,69,1069,2
2.12207,70,1070,2
3.38596,71,1071,2
0.491505,72,1072,2
0.900067,73,1073,2
-0.0445256,74,1074,2
0.0129967,75,1075,2
-0.244228,76,1076,2
0.288848,77,1077,2
2.21229,78,1078,2
2.1582,79,1079,2
3.59581,80,1080,2
2.47012,81,1081,2
3.60841,82,1082,2
-3.21261,83,1083,2
0.822662,84,1084,2
-2.38459,85,1085,2
-4.52602,86,1086,2
2.89305,87,1087,2
0.90629,88,1088,2
-1.31278,89,1089,2
-0.642065,90,1090,2
-0.224385,91,1091,2
0.486958,92,1092,2
2.38965,93,1093,2
2.66033,94,1094,2
0.912498,95,1095,2
3.74622,96,1096,2
2.98099,97,1097,2
3.51058,98,1098,2
1.31651,99,1099,2
0.0476555,100,1100,2
-1.28765,101,1101,2
-5.06485,102,1102,2
-1.36796,103,1103,2
-0.537032,104,1104,2
2.23278,105,1105,2
0.721544,106,1106,2
1.59185,107,1107,2
-0.462098,108,1108,2
-4.24661,109,1109,2
3.06599,110,1110,2
-4.84074,111,1111,2
1.78214,112,1112,2
0.541868,113,1113,2
-0.759625,114,1114,2
-4.56339,115,1115,2
4.04517,116,1116,2
-0.257001,117,1117,2
-3.16397,118,1118,2
-4.49067,119,1119,2
-1.19271,120,1120,2
-2.42521,121,1121,2
-1.88882,122,1122,2
0.487157,123,1123,2
3.32139,124,1124,2
3.10903,125,1125,2
-5.29548,126,1126,2
0.0107015,127,1127,2
0.254081,128,1128,2
3.12672,129,1129,2
0.249654,130,1130,2
2.66379,131,1131,2
-2.1591,132,1132,2
-1.39708,133,1133,2
2.16721,134,1134,2
-4.23968,135,1135,2
2.916,136,1136,2
3.52425,137,1137,2
-1.25521,138,1138,2
-0.131203,139,1139,2
-0.905565,140,1140,2
3.18462,141,1141,2
1.86059,142,1142,2
0.0711697,143,1143,2
1.18778,144,1144,2
-3.19245,145,1145,2
0.401039,146,1146,2
-3.8313,147,1147,2
-0.982667,148,1148,2
-5.10446,149,1149,2
3.41824,150,1150,2
4.51226,151,1151,2
2.15964,152,1152,2
2.2081,153,1153,2
3.66042,154,1154,2
-3.14427,155,1155,2
-0.0996638,156,1156,2
1.7618,157,1157,2
2.46499,158,1158,2
3.35062,159,1159,2
-4.49603,160,1160,2
3.1573,161,1161,2
1.72359,162,1162,2
-2.51939,163,1163,2
2.52663,164,1164,2
-3.09077,165,1165,2
-3.4996,166,1166,2
3.29483,167,1167,2
3.30563,168,1168,2
0.24401,169,1169,2
2.05018,170,1170,2
-0.641016,171,1171,2
2.97347,172,1172,2
1.51826,173,1173,2
-4.64316,174,1174,2
0.198262,175,1175,2
-0.195909,176,1176,2
-3.2354,177,1177,2
2.95331,178,1178,2
1.01294,179,1179,2
3.25806,180,1180,2
3.52613,181,1181,2
-0.438573,182,1182,2
-1.6139,183,1183,2
-0.854784,184,1184,2
0.57245,185,1185,2
-1.45934,186,1186,2
4.23014,187,1187,2
-3.97006,188,1188,2
3.18942,189,1189,2
-4.57926,190,1190,2
4.28366,191,1191,2
2.00992,192,1192,2
4.40866,193,1193,2
-0.618197,194,1194,2
0.719627,195,1195,2
-0.602993,196,1196,2
1.53482,197,1197,2
3.49725,198,1198,2
1.09259,199,1199,2
4.02783,200,1200,2
-3.18121,201,1201,2
2.44501,202,1202,2
2.12199,203,1203,2
-2.01968,204,1204,2
0.869083,205,1205,2
-5.39281,206,1206,2
-3.65289,207,1207,2
4.68139,208,1208,2
0.933306,209,1209,2
-0.391606,210,1210,2
1.60294,211,1211,2
0.407643,212,1212,2
2.35369,213,1213,2
4.75859,214,1214,2
2.42152,215,1215,2
2.68422,216,1216,2
-4.51789,217,1217,2
-0.0993536,218,1218,2
3.96827,219,1219,2
-2.90381,220,1220,2
-0.701362,221,1221,2
-1.48791,222,1222,2
3.14658,223,1223,2
1.8435,224,1224,2
-3.11534,225,1225,2
-4.00033,226,1226,2
1.78575,227,1227,2
-4.4001,228,1228,2
1.90063,229,1229,2
2.31093,230,1230,2
1.61429,231,1231,2
-4.44919,232,1232,2
-3.27477,233,1233,2
2.17416,234,1234,2
-3.69165,235,1235,2
1.65539,236,1236,2
2.30615,237,1237,2
-4.84206,238,1238,2
0.701017,239,1239,2
1.4808,240,1240,2
4.31562,241,1241,2
-1.15722,242,1242,2
3.76406,243,1243,2
0.482401,244,1244,2
1.0921,245,1245,2
1.33023,246,1246,2
3.19079,247,1247,2
-2.82449,248,1248,2
-3.5355,249,1249,2
4.3781,250,1250,2
2.80726,251,1251,2
-3.71155,252,1252,2
1.7957,253,1253,2
4.68628,254,1254,2
-0.432232,255,1255,2
0.165964,256,1256,2
-0.0709307,257,1257,2
2.64953,258,1258,2
-3.27826,259,1259,2
4.44621,260,1260,2
2.2417,261,1261,2
1.27807,262,1262,2
-3.43069,263,1263,2
-3.24132,264,1264,2
-4.75489,265,1265,2
-4.85624,266,1266,2
4.4125,267,1267,2
5.93829,268,1268,2
-3.92696,269,1269,2
-0.331287,270,1270,2
0.927625,271,1271,2
3.7282,272,1272,2
3.10283,273,1273,2
-0.580115,274,1274,2
2.99257,275,1275,2
2.27186,276,1276,2
-1.0102,277,1277,2
1.57946,278,1278,2
-4.1308,279,1279,2
-5.51827,280,1280,2
-0.192181,281,1281,2
1.59354,282,1282,2
0.381939,283,1283,2
4.70614,284,1284,2
-2.14842,285,1285,2
-3.51258,286,1286,2
3.73466,287,1287,2
0.944788,288,1288,2
1.40149,289,1289,2
-2.80035,290,1290,2
0.0305368,291,1291,2
-0.519907,292,1292,2
-3.02099,293,1293,2
2.43766,294,1294,2
-1.27362,295,1295,2
0.851579,296,1296,2
3.96348,297,1297,2
-1.83244,298,1298,2
-0.203155,299,1299,2
3.92598,300,1300,2
2.47184,301,1301,2
-0.317646,302,1302,2
4.35178,303,1303,2
0.407824,304,1304,2
-1.72394,305,1305,2
2.14784,306,1306,2
-5.13717,307,1307,2
0.197651,308,1308,2
1.70566,309,1309,2
-3.44916,310,1310,2
1.07546,311,1311,2
-5.05039,312,1312,2
-4.2887,313,1313,2
1.36085,314,1314,2
0.26552,315,1315,2
4.61693,316,1316,2
2.81,317,1317,2
1.47921,318,1318,2
1.14965,319,1319,2
3.19929,320,1320,2
2.28795,321,1321,2
2.80937,322,1322,2
-0.114364,323,1323,2
-3.90661,324,1324,2
-1.65588,325,1325,2
3.97375,326,1326,2
-2.77123,327,1327,2
1.97516,328,1328,2
1.51032,329,1329,2
0.733383,330,1330,2
1.89252,331,1331,2
-0.0398244,332,1332,2
1.49613,333,1333,2
3.76706,334,1334,2
4.09733,335,1335,2
1.438,336,1336,2
-1.47809,337,1337,2
-1.78395,338,1338,2
2.91975,339,1339,2
0.124891,340,1340,2
0.487591,341,1341,2
-2.82781,342,1342,2
3.24361,343,1343,2
-4.85806,344,1344,2
1.46871,345,1345,2
1.61242,346,1346,2
3.84851,347,1347,2
0.646871,348,1348,2
-2.76358,349,1349,2
4.05437,350,1350,2
1.23845,351,1351,2
3.55458,352,1352,2
1.41515,353,1353,2
4.03454,354,1354,2
4.70224,355,1355,2
-4.21518,356,1356,2
-3.16491,357,1357,2
3.1502,358,1358,2
4.265,359,1359,2
2.75691,360,1360,2
2.18564,361,1361,2
3.06305,362,1362,2
-2.91566,363,1363,2
0.505918,364,1364,2
3.93348,365,1365,2
3.72285,366,1366,2
-1.69908,367,1367,2
4.54748,368,1368,2
3.14338,369,1369,2
2.48853,370,1370,2
-0.284654,371,1371,2
2.82565,372,1372,2
-3.76181,373,1373,2
-0.291859,374,1374,2
0.109505,375,1375,2
4.47177,376,1376,2
1.46078,377,1377,2
2.88906,378,1378,2
-4.46615,379,1379,2
3.64456,380,1380,2
-4.79147,381,1381,2
3.62295,382,1382,2
-0.468651,383,1383,2
4.73924,384,1384,2
2.5346,385,1385,2
-0.531751,386,1386,2
2.73007,387,1387,2
1.70372,388,1388,2
-0.592683,389,1389,2
4.94108,390,1390,2
-4.95585,391,1391,2
2.21348,392,1392,2
1.10581,393,1393,2
-3.30554,394,1394,2
-4.35343,395,1395,2
1.55845,396,1396,2
3.22052,397,1397,2
2.50838,398,1398,2
-0.557925,399,1399,2
3.60668,400,1400,2
4.1863,401,1401,2
3.5023,402,1402,2
0.485261,403,1403,2
-4.19974,404,1404,2
1.92925,405,1405,2
-0.482779,406,1406,2
2.64061,407,1407,2
-5.46737,408,1408,2
-4.9291,409,1409,2
-0.337829,410,1410,2
-2.13067,411,1411,2
3.97584,412,1412,2
2.59835,413,1413,2
2.50479,414,1414,2
2.66299,415,1415,2
3.96854,416,1416,2
-5.23719,417,1417,2
2.63928,418,1418,2
3.08901,419,1419,2
-3.09826,420,1420,2
2.93664,421,1421,2
1.92555,422,1422,2
2.29014,423,1423,2
-1.93532,424,1424,2
-4.71569,425,1425,2
3.9629,426,1426,2
-5.0713800000000004,427,1427,2
0.99749,428,1428,2
-3.96684,429,1429,2
3.40562,430,1430,2
2.50253,431,1431,2
-1.7315,432,1432,2
2.52584,433,1433,2
2.77113,434,1434,2
-0.612726,435,1435,2
4.12086,436,1436,2
3.5697,437,1437,2
-4.14686,438,1438,2
3.30185,439,1439,2
1.58678,440,1440,2
-5.1958,441,1441,2
-3.51229,442,1442,2
-0.39841,443,1443,2
-3.29689,444,1444,2
-4.68417,445,1445,2
3.3771,446,1446,2
-1.01439,447,1447,2
2.66641,448,1448,2
2.96803,449,1449,2
3.73974,450,1450,2
4.41111,451,1451,2
3.60963,452,1452,2
4.58825,453,1453,2
-0.927231,454,1454,2
-0.328658,455,1455,2
-1.00951,456,1456,2
3.53979,457,1457,2
-3.09776,458,1458,2
2.87084,459,1459,2
-5.6682,460,1460,2
3.13588,461,1461,2
2.9329,462,1462,2
4.64542,463,1463,2
-3.78819,464,1464,2
2.6394,465,1465,2
0.0698081,466,1466,2
3.32587,467,1467,2
2.87548,468,1468,2
2.41278,469,1469,2
2.24231,470,1470,2
-3.59492,471,1471,2
-0.615815,472,1472,2
1.15403,473,1473,2
0.423859,474,1474,2
1.496,475,1475,2
-1.86349,476,1476,2
-0.67204,477,1477,2
-4.1792299999999996,478,1478,2
0.596681,479,1479,2
-1.05663,480,1480,2
-1.85871,481,1481,2
3.51399,482,1482,2
3.84063,483,1483,2
3.80131,484,1484,2
-1.19409,485,1485,2
-0.133738,486,1486,2
3.42477,487,1487,2
-5.63879,488,1488,2
-3.62393,489,1489,2
4.5642,490,1490,2
1.69621,491,1491,2
1.07205,492,1492,2
-4.38468,493,1493,2
1.5595,494,1494,2
0.197912,495,1495,2
3.00845,496,1496,2
4.51197,497,1497,2
2.4891,498,1498,2
-3.44525,499,1499,2
2.18127,500,1500,2
3.61069,501,1501,2
-5.42696,502,1502,2
4.10754,503,1503,2
3.38893,504,1504,2
2.51094,505,1505,2
1.16181,506,1506,2
4.70852,507,1507,2
2.4419400000000002,508,1508,2
-4.10009,509,1509,2
2.31166,510,1510,2
2.86531,511,1511,2
1.05671,512,1512,2
-0.352389,513,1513,2
4.78948,514,1514,2
2.89746,515,1515,2
1.0611,516,1516,2
-1.26161,517,1517,2
0.77797,518,1518,2
0.051281,519,1519,2
3.4287,520,1520,2
1.1702,521,1521,2
1.3764,522,1522,2
2.42757,523,1523,2
1.32242,524,1524,2
0.777336,525,1525,2
3.92984,526,1526,2
-0.789734,527,1527,2
3.45532,528,1528,2
-4.25724,529,1529,2
-4.93933,530,1530,2
-4.12033,531,1531,2
-0.57419,532,1532,2
3.28127,533,1533,2
-0.607929,534,1534,2
-5.10164,535,1535,2
-4.35996,536,1536,2
1.81568,537,1537,2
0.456751,538,1538,2
3.95874,539,1539,2
-0.881108,540,1540,2
-0.498759,541,1541,2
0.528251,542,1542,2
-2.67339,543,1543,2
4.61186,544,1544,2
-4.75046,545,1545,2
-0.705521,546,1546,2
-1.09436,547,1547,2
-1.21838,548,1548,2
1.69078,549,1549,2
-2.86968,550,1550,2
3.40794,551,1551,2
-2.7697,552,1552,2
1.14648,553,1553,2
-4.44259,554,1554,2
-3.20094,555,1555,2
0.645475,556,1556,2
5.1095,557,1557,2
3.27701,558,1558,2
-1.453,559,1559,2
1.91059,560,1560,2
0.918346,561,1561,2
0.288378,562,1562,2
2.80278,563,1563,2
0.67892,564,1564,2
4.5048,565,1565,2
-0.84994,566,1566,2
3.84426,567,1567,2
0.421589,568,1568,2
5.3228,569,1569,2
4.14402,570,1570,2
2.61793,571,1571,2
-3.69421,572,1572,2
3.76626,573,1573,2
3.4854,574,1574,2
3.38815,575,1575,2
3.22495,576,1576,2
2.85195,577,1577,2
3.20198,578,1578,2
0.401437,579,1579,2
2.94353,580,1580,2
-5.39894,581,1581,2
-2.12255,582,1582,2
0.856637,583,1583,2
1.94975,584,1584,2
2.07721,585,1585,2
2.40453,586,1586,2
-3.44095,587,1587,2
0.909491,588,1588,2
1.19494,589,1589,2
2.32343,590,1590,2
3.20886,591,1591,2
-2.03884,592,1592,2
2.22152,593,1593,2
0.725439,594,1594,2
3.39643,595,1595,2
0.258976,596,1596,2
-3.64664,597,1597,2
0.155761,598,1598,2
1.5732,599,1599,2
3.38719,600,1600,2
2.50292,601,1601,2
-4.4972,602,1602,2
0.233532,603,1603,2
-0.864763,604,1604,2
0.763369,605,1605,2
-1.62998,606,1606,2
-0.136797,607,1607,2
2.89276,608,1608,2
1.20641,609,1609,2
3.18948,610,1610,2
2.66554,611,1611,2
-2.86319,612,1612,2
0.116056,613,1613,2
3.26418,614,1614,2
-3.47918,615,1615,2
0.332632,616,1616,2
2.31441,617,1617,2
0.271988,618,1618,2
-0.15537,619,1619,2
2.89198,620,1620,2
-0.37356,621,1621,2
3.54209,622,1622,2
0.206926,623,1623,2
-0.0530754,624,1624,2
1.75904,625,1625,2
2.8057,626,1626,2
-2.94405,627,1627,2
-5.83251,628,1628,2
5.50097,629,1629,2
4.01128,630,1630,2
0.706243,631,1631,2
2.37814,632,1632,2
-3.81567,633,1633,2
1.07023,634,1634,2
2.38383,635,1635,2
-4.50119,636,1636,2
1.06962,637,1637,2
0.0286782,638,1638,2
-1.63085,639,1639,2
-3.23944,640,1640,2
3.22185,641,1641,2
3.02055,642,1642,2
-4.15014,643,1643,2
-0.377059,644,1644,2
4.57815,645,1645,2
-0.65659,646,1646,2
3.86873,647,1647,2
2.48872,648,1648,2
4.71216,649,1649,2
2.29444,650,1650,2
3.77395,651,1651,2
2.83523,652,1652,2
2.63386,653,1653,2
0.792015,654,1654,2
1.48787,655,1655,2
4.00811,656,1656,2
-2.44561,657,1657,2
-0.201619,658,1658,2
-0.927657,659,1659,2
3.29915,660,1660,2
3.78731,661,1661,2
-0.0463867,662,1662,2
1.8324,663,1663,2
4.57471,664,1664,2
4.39773,665,1665,2
0.158045,666,1666,2
3.86596,667,1667,2
-4.77599,668,1668,2
-3.83111,669,1669,2
5.12204,670,1670,2
1.67271,671,1671,2
3.16985,672,1672,2
0.579935,673,1673,2
-4.29384,674,1674,2
2.83062,675,1675,2
4.70684,676,1676,2
3.27055,677,1677,2
0.277848,678,1678,2
-0.064776,679,1679,2
-0.298888,680,1680,2
-5.62141,681,1681,2
-4.03658,682,1682,2
0.833209,683,1683,2
-5.25636,684,1684,2
3.45405,685,1685,2
-3.72091,686,1686,2
-0.295997,687,1687,2
1.90829,688,1688,2
4.62228,689,1689,2
0.203715,690,1690,2
1.04676,691,1691,2
-4.71338,692,1692,2
-3.34917,693,1693,2
-0.0832971,694,1694,2
-1.28449,695,1695,2
3.69634,696,1696,2
0.990037,697,1697,2
2.29555,698,1698,2
0.0731528,699,1699,2
2.94113,700,1700,2
3.63592,701,1701,2
0.900061,702,1702,2
1.22592,703,1703,2
0.815679,704,1704,2
3.36632,705,1705,2
4.9344,706,1706,2
0.59124,707,1707,2
0.928102,708,1708,2
2.42383,709,1709,2
1.39258,710,1710,2
-3.57673,711,1711,2
0.28259,712,1712,2
-6.01557,713,1713,2
0.0180171,714,1714,2
2.22708,715,1715,2
-0.267982,716,1716,2
4.86514,717,1717,2
2.1961,718,1718,2
4.14898,719,1719,2
3.12445,720,1720,2
-3.54371,721,1721,2
-1.31176,722,1722,2
4.05222,723,1723,2
1.02077,724,1724,2
-1.65872,725,1725,2
4.0502,726,1726,2
-3.0576,727,1727,2
2.34064,728,1728,2
2.51063,729,1729,2
2.51235,730,1730,2
2.52623,731,1731,2
3.66634,732,1732,2
4.00014,733,1733,2
2.59328,734,1734,2
2.39754,735,1735,2
0.827238,736,1736,2
2.97438,737,1737,2
3.21732,738,1738,2
-0.130383,739,1739,2
3.95156,740,1740,2
4.63016,741,1741,2
-3.40311,742,1742,2
3.809,743,1743,2
1.88662,744,1744,2
2.10609,745,1745,2
2.66901,746,1746,2
-5.00798,747,1747,2
-0.910085,748,1748,2
-3.42515,749,1749,2
0.762408,750,1750,2
0.753916,751,1751,2
3.54725,752,1752,2
0.631274,753,1753,2
3.66524,754,1754,2
3.22154,755,1755,2
-0.69567,756,1756,2
4.55445,757,1757,2
1.14814,758,1758,2
0.458958,759,1759,2
-0.429209,760,1760,2
2.84459,761,1761,2
-1.01239,762,1762,2
-0.316566,763,1763,2
2.75848,764,1764,2
2.4542,765,1765,2
1.80238,766,1766,2
1.48341,767,1767,2
4.26532,768,1768,2
2.14509,769,1769,2
0.522271,770,1770,2
3.96758,771,1771,2
-5.52425,772,1772,2
-0.410374,773,1773,2
-5.38744,774,1774,2
1.25747,775,1775,2
2.33488,776,1776,2
0.806969,777,1777,2
3.14971,778,1778,2
-5.82812,779,1779,2
1.83162,780,1780,2
-0.03864,781,1781,2
3.33471,782,1782,2
2.3801,783,1783,2
-3.38532,784,1784,2
-0.166935,785,1785,2
3.03926,786,1786,2
3.39493,787,1787,2
-0.413629,788,1788,2
2.38725,789,1789,2
-3.45529,790,1790,2
-4.06595,791,1791,2
0.461024,792,1792,2
1.52143,793,1793,2
-0.229484,794,1794,2
0.513995,795,1795,2
-5.2583,796,1796,2
-0.221601,797,1797,2
-4.09068,798,1798,2
-3.80611,799,1799,2
3.58619,800,1800,2
-1.72428,801,1801,2
1.92897,802,1802,2
-0.83041,803,1803,2
-0.536302,804,1804,2
-3.94809,805,1805,2
-3.88666,806,1806,2
-2.72629,807,1807,2
1.61421,808,1808,2
2.9437,809,1809,2
2.7787,810,1810,2
0.828616,811,1811,2
2.97419,812,1812,2
-3.23815,813,1813,2
2.86056,814,1814,2
3.2057,815,1815,2
2.32963,816,1816,2
2.97075,817,1817,2
1.43904,818,1818,2
0.853757,819,1819,2
0.324997,820,1820,2
-3.43327,821,1821,2
-4.71739,822,1822,2
-4.8699,823,1823,2
-1.59657,824,1824,2
4.95077,825,1825,2
1.97853,826,1826,2
3.60475,827,1827,2
-5.0355,828,1828,2
-0.0176671,829,1829,2
3.89115,830,1830,2
-0.877854,831,1831,2
2.33265,832,1832,2
-3.15097,833,1833,2
0.565647,834,1834,2
-3.57436,835,1835,2
3.48239,836,1836,2
1.44152,837,1837,2
3.54516,838,1838,2
-2.52559,839,1839,2
1.03207,840,1840,2
3.92707,841,1841,2
1.41223,842,1842,2
3.81384,843,1843,2
2.73469,844,1844,2
2.26944,845,1845,2
-0.0501503,846,1846,2
-0.266761,847,1847,2
1.03943,848,1848,2
2.29783,849,1849,2
-1.37295,850,1850,2
3.34375,851,1851,2
-4.35569,852,1852,2
2.94578,853,1853,2
4.47228,854,1854,2
0.645013,855,1855,2
2.22068,856,1856,2
4.81425,857,1857,2
-4.31978,858,1858,2
-0.282328,859,1859,2
3.9059,860,1860,2
2.87251,861,1861,2
-3.56419,862,1862,2
-1.0159,863,1863,2
3.93854,864,1864,2
-4.23026,865,1865,2
2.28894,866,1866,2
-3.65251,867,1867,2
1.74804,868,1868,2
2.77755,869,1869,2
1.97468,870,1870,2
0.168705,871,1871,2
-1.30426,872,1872,2
-2.33426,873,1873,2
1.89126,874,1874,2
4.30758,875,1875,2
0.93536300000000006,876,1876,2
-3.90686,877,1877,2
0.356484,878,1878,2
2.67135,879,1879,2
2.54712,880,1880,2
-0.407861,881,1881,2
2.92121,882,1882,2
0.104295,883,1883,2
1.75923,884,1884,2
2.63813,885,1885,2
4.3496,886,1886,2
2.83504,887,1887,2
-0.379762,888,1888,2
-4.32485,889,1889,2
-0.290399,890,1890,2
2.24435,891,1891,2
3.00377,892,1892,2
2.93201,893,1893,2
-0.26965,894,1894,2
-1.24315,895,1895,2
-4.17169,896,1896,2
4.27122,897,1897,2
-1.24864,898,1898,2
-0.218254,899,1899,2
-4.48145,900,1900,2
2.4016,901,1901,2
-3.07957,902,1902,2
2.11563,903,1903,2
3.02387,904,1904,2
-0.682038,905,1905,2
3.71666,906,1906,2
2.82147,907,1907,2
3.25855,908,1908,2
-4.00148,909,1909,2
-3.93763,910,1910,2
-1.79499,911,1911,2
2.3527,912,1912,2
2.8758,913,1913,2
-3.29026,914,1914,2
1.44428,915,1915,2
4.75733,916,1916,2
1.02291,917,1917,2
2.24734,918,1918,2
-0.820008,919,1919,2
0.642733,920,1920,2
-1.97593,921,1921,2
2.31118,922,1922,2
0.831672,923,1923,2
3.86047,924,1924,2
-3.98939,925,1925,2
-0.296917,926,1926,2
1.45043,927,1927,2
-5.55302,928,1928,2
0.507408,929,1929,2
0.630462,930,1930,2
0.335648,931,1931,2
-2.23624,932,1932,2
1.57046,933,1933,2
-0.427982,934,1934,2
2.3947,935,1935,2
0.698771,936,1936,2
2.93399,937,1937,2
-4.22455,938,1938,2
-0.489252,939,1939,2
-2.35322,940,1940,2
0.6143,941,1941,2
3.38978,942,1942,2
4.80878,943,1943,2
3.22434,944,1944,2
-3.55981,945,1945,2
3.17261,946,1946,2
1.17939,947,1947,2
-0.231036,948,1948,2
-0.218811,949,1949,2
0.74535,950,1950,2
-0.0595673,951,1951,2
0.294043,952,1952,2
-4.72176,953,1953,2
0.333773,954,1954,2
3.12098,955,1955,2
3.004,956,1956,2
3.26215,957,1957,2
0.7779,958,1958,2
-0.179333,959,1959,2
4.2583,960,1960,2
2.86189,961,1961,2
0.509422,962,1962,2
-0.671503,963,1963,2
0.914489,964,1964,2
2.96295,965,1965,2
4.43815,966,1966,2
-0.0576419,967,1967,2
-0.505509,968,1968,2
3.91612,969,1969,2
-0.534333,970,1970,2
-4.15849,971,1971,2
0.13347,972,1972,2
-0.376447,973,1973,2
1.15418,974,1974,2
-3.60031,975,1975,2
0.997615,976,1976,2
1.60613,977,1977,2
1.98115,978,1978,2
-0.883741,979,1979,2
3.73779,980,1980,2
-2.30293,981,1981,2
-3.73977,982,1982,2
3.69284,983,1983,2
-3.7853,984,1984,2
0.11431,985,1985,2
4.19717,986,1986,2
2.51122,987,1987,2
-1.14499,988,1988,2
3.1935,989,1989,2
-1.03252,990,1990,2
-4.45746,991,1991,2
-5.90826,992,1992,2
3.09598,993,1993,2
2.46336,994,1994,2
2.28626,995,1995,2
-1.35455,996,1996,2
1.10769,997,1997,2
3.06131,998,1998,2
2.51676,999,1999,2
0.307737,1000,2000,2
-3.90091,1,2001,3
-3.26264,2,2002,3
2.33204,3,2003,3
-2.06408,4,2004,3
2.69649,5,2005,3
3.91241,6,2006,3
-5.43693,7,2007,3
3.67193,8,2008,3
-0.127182,9,2009,3
-3.02754,10,2010,3
3.21141,11,2011,3
-1.75837,12,2012,3
2.10034,13,2013,3
0.477371,14,2014,3
-3.6506,15,2015,3
-4.24807,16,2016,3
1.21614,17,2017,3
-3.61489,18,2018,3
2.47086,19,2019,3
0.7782,20,2020,3
0.343034,21,2021,3
0.0225525,22,2022,3
2.16707,23,2023,3
3.83765,24,2024,3
2.86894,25,2025,3
4.49632,26,2026,3
3.3831,27,2027,3
0.715344,28,2028,3
2.94868,29,2029,3
2.29245,30,2030,3
3.59892,31,2031,3
2.61574,32,2032,3
-0.726678,33,2033,3
2.70149,34,2034,3
3.73985,35,2035,3
4.53292,36,2036,3
1.56022,37,2037,3
1.94775,38,2038,3
2.39451,39,2039,3
-4.72933,40,2040,3
-5.3034,41,2041,3
-1.12009,42,2042,3
1.73269,43,2043,3
3.06155,44,2044,3
3.43219,45,2045,3
-2.04823,46,2046,3
-4.79154,47,2047,3
-1.83032,48,2048,3
-3.92517,49,2049,3
-2.52237,50,2050,3
-3.82792,51,2051,3
2.22929,52,2052,3
2.96833,53,2053,3
-3.47704,54,2054,3
3.82825,55,2055,3
-0.0431698,56,2056,3
0.937779,57,2057,3
-1.06989,58,2058,3
2.89384,59,2059,3
3.19265,60,2060,3
0.0573612,61,2061,3
3.12777,62,2062,3
-4.72996,63,2063,3
2.25469,64,2064,3
0.178942,65,2065,3
-4.3502,66,2066,3
-3.94857,67,2067,3
4.37598,68,2068,3
-2.07076,69,2069,3
2.59933,70,2070,3
-0.760392,71,2071,3
0.53603,72,2072,3
0.494191,73,2073,3
3.22034,74,2074,3
3.94711,75,2075,3
-3.23179,76,2076,3
0.983329,77,2077,3
-0.516168,78,2078,3
-3.58458,79,2079,3
0.953757,80,2080,3
-4.62368,81,2081,3
3.68647,82,2082,3
-3.92451,83,2083,3
1.94272,84,2084,3
0.273431,85,2085,3
3.42829,86,2086,3
1.26675,87,2087,3
1.90653,88,2088,3
3.00012,89,2089,3
3.0167,90,2090,3
0.978033,91,2091,3
-0.322627,92,2092,3
-4.56816,93,2093,3
-2.38449,94,2094,3
2.31833,95,2095,3
3.73249,96,2096,3
4.71878,97,2097,3
-3.87981,98,2098,3
-0.806497,99,2099,3
2.16284,100,2100,3
3.50363,101,2101,3
3.69957,102,2102,3
-3.41029,103,2103,3
2.4484,104,2104,3
2.32697,105,2105,3
4.06057,106,2106,3
-0.300647,107,2107,3
3.03443,108,2108,3
-2.94864,109,2109,3
3.99358,110,2110,3
-1.07819,111,2111,3
-2.72773,112,2112,3
-3.96641,113,2113,3
2.17861,114,2114,3
0.872308,115,2115,3
-3.97053,116,2116,3
-0.879724,117,2117,3
3.66367,118,2118,3
0.10104,119,2119,3
5.29495,120,2120,3
0.719951,121,2121,3
0.896296,122,2122,3
5.29806,123,2123,3
-1.39444,124,2124,3
-1.9812,125,2125,3
0.213872,126,2126,3
0.265077,127,2127,3
2.36903,128,2128,3
1.90628,129,2129,3
3.59562,130,2130,3
-0.863614,131,2131,3
-2.71728,132,2132,3
-4.3717,133,2133,3
1.15524,134,2134,3
-4.02828,135,2135,3
1.25198,136,2136,3
3.63921,137,2137,3
-3.65872,138,2138,3
3.07379,139,2139,3
-2.11558,140,2140,3
1.68328,141,2141,3
0.264996,142,2142,3
1.46806,143,2143,3
-1.93942,144,2144,3
0.701955,145,2145,3
4.76102,146,2146,3
-0.976407,147,2147,3
3.43927,148,2148,3
-0.0804094,149,2149,3
-4.60854,150,2150,3
0.199937,151,2151,3
0.466365,152,2152,3
2.31763,153,2153,3
3.45106,154,2154,3
4.46204,155,2155,3
4.87248,156,2156,3
-4.78943,157,2157,3
-1.94682,158,2158,3
-4.06038,159,2159,3
-3.74699,160,2160,3
-2.32255,161,2161,3
-0.292498,162,2162,3
0.255229,163,2163,3
3.79367,164,2164,3
2.51918,165,2165,3
-3.99633,166,2166,3
2.08305,167,2167,3
1.95979,168,2168,3
-4.97948,169,2169,3
3.20854,170,2170,3
0.822012,171,2171,3
2.03755,172,2172,3
-2.37993,173,2173,3
-4.24951,174,2174,3
4.35776,175,2175,3
3.22509,176,2176,3
2.64719,177,2177,3
0.837912,178,2178,3
2.11441,179,2179,3
5.10722,180,2180,3
3.15263,181,2181,3
5.21189,182,2182,3
0.917873,183,2183,3
1.63948,184,2184,3
1.08209,185,2185,3
3.51186,186,2186,3
-0.937914,187,2187,3
3.51488,188,2188,3
0.158699,189,2189,3
2.09214,190,2190,3
-5.89168,191,2191,3
3.94472,192,2192,3
-0.145158,193,2193,3
3.28202,194,2194,3
-4.26157,195,2195,3
2.83418,196,2196,3
-0.317388,197,2197,3
0.514515,198,2198,3
4.33677,199,2199,3
2.9155,200,2200,3
0.387848,201,2201,3
2.64324,202,2202,3
3.07572,203,2203,3
-4.68038,204,2204,3
3.76481,205,2205,3
1.75628,206,2206,3
2.79485,207,2207,3
-4.89357,208,2208,3
1.39928,209,2209,3
-2.87941,210,2210,3
2.97991,211,2211,3
-3.98504,212,2212,3
3.91262,213,2213,3
1.51628,214,2214,3
1.69575,215,2215,3
0.0812004,216,2216,3
1.11583,217,2217,3
-0.259091,218,2218,3
-0.755038,219,2219,3
3.33538,220,2220,3
2.80229,221,2221,3
-0.255236,222,2222,3
2.83411,223,2223,3
-0.263534,224,2224,3
2.94635,225,2225,3
1.13661,226,2226,3
1.8542,227,2227,3
-2.96319,228,2228,3
1.30632,229,2229,3
2.62435,230,2230,3
3.74749,231,2231,3
-1.06389,232,2232,3
-3.61443,233,2233,3
-2.70066,234,2234,3
2.5244,235,2235,3
3.32628,236,2236,3
4.52431,237,2237,3
0.845634,238,2238,3
2.00159,239,2239,3
1.52087,240,2240,3
3.35156,241,2241,3
0.131215,242,2242,3
1.72063,243,2243,3
2.89438,244,2244,3
4.61561,245,2245,3
0.659673,246,2246,3
-6.21643,247,2247,3
3.54389,248,2248,3
-0.416184,249,2249,3
-4.06554,250,2250,3
0.306957,251,2251,3
-0.938339,252,2252,3
-1.03812,253,2253,3
-4.04518,254,2254,3
1.35562,255,2255,3
-0.0459034,256,2256,3
-3.78521,257,2257,3
1.72548,258,2258,3
-1.44831,259,2259,3
-4.13562,260,2260,3
-0.00445085,261,2261,3
1.06941,262,2262,3
3.05689,263,2263,3
0.118474,264,2264,3
1.68253,265,2265,3
-1.04821,266,2266,3
5.83096,267,2267,3
-1.65233,268,2268,3
1.94758,269,2269,3
0.0145371,270,2270,3
-4.30066,271,2271,3
4.39526,272,2272,3
-4.79306,273,2273,3
-4.13879,274,2274,3
-4.92897,275,2275,3
-0.303199,276,2276,3
1.93188,277,2277,3
-4.85317,278,2278,3
-1.95459,279,2279,3
2.67942,280,2280,3
2.21397,281,2281,3
3.45591,282,2282,3
4.09284,283,2283,3
-6.61737,284,2284,3
2.81581,285,2285,3
-0.5544,286,2286,3
1.86045,287,2287,3
-5.02827,288,2288,3
1.50149,289,2289,3
0.251759,290,2290,3
1.08547,291,2291,3
-4.2903,292,2292,3
-4.07896,293,2293,3
-5.04756,294,2294,3
2.58768,295,2295,3
3.06485,296,2296,3
-4.99865,297,2297,3
3.04682,298,2298,3
-1.52508,299,2299,3
0.18766,300,2300,3
0.250886,301,2301,3
3.25612,302,2302,3
0.677296,303,2303,3
3.60613,304,2304,3
-1.14092,305,2305,3
-1.43281,306,2306,3
1.47008,307,2307,3
3.90669,308,2308,3
-2.3586,309,2309,3
1.45931,310,2310,3
-0.713314,311,2311,3
-3.57308,312,2312,3
1.90632,313,2313,3
1.48162,314,2314,3
-3.47336,315,2315,3
3.01436,316,2316,3
3.59063,317,2317,3
4.76829,318,2318,3
3.69501,319,2319,3
-1.38816,320,2320,3
3.36273,321,2321,3
-0.865515,322,2322,3
0.217376,323,2323,3
2.30148,324,2324,3
3.08542,325,2325,3
3.92871,326,2326,3
-0.196905,327,2327,3
3.36121,328,2328,3
0.90397400000000006,329,2329,3
2.3173,330,2330,3
2.79817,331,2331,3
0.862929,332,2332,3
3.81137,333,2333,3
-4.5802,334,2334,3
-0.320202,335,2335,3
-0.189899,336,2336,3
0.0913417,337,2337,3
1.90881,338,2338,3
-5.03321,339,2339,3
-1.14635,340,2340,3
-3.07125,341,2341,3
0.404958,342,2342,3
3.65115,343,2343,3
1.48914,344,2344,3
-1.66657,345,2345,3
-5.00233,346,2346,3
1.8952,347,2347,3
1.34516,348,2348,3
4.27965,349,2349,3
0.772097,350,2350,3
2.28024,351,2351,3
2.79584,352,2352,3
2.33329,353,2353,3
2.83108,354,2354,3
2.38177,355,2355,3
0.365938,356,2356,3
-4.80412,357,2357,3
2.63087,358,2358,3
0.757711,359,2359,3
-3.98872,360,2360,3
0.533415,361,2361,3
-3.85913,362,2362,3
3.80357,363,2363,3
2.77456,364,2364,3
0.85457,365,2365,3
-0.120331,366,2366,3
2.79509,367,2367,3
3.37881,368,2368,3
1.5259,369,2369,3
3.96041,370,2370,3
2.37253,371,2371,3
1.58809,372,2372,3
0.268552,373,2373,3
2.4133,374,2374,3
-0.498912,375,2375,3
-1.26362,376,2376,3
-4.11185,377,2377,3
-0.268614,378,2378,3
-0.145143,379,2379,3
0.00832457,380,2380,3
-0.65116,381,2381,3
0.634176,382,2382,3
-0.0962446,383,2383,3
3.84095,384,2384,3
-3.64728,385,2385,3
0.830428,386,2386,3
-3.24317,387,2387,3
1.9374,388,2388,3
-3.99887,389,2389,3
-4.44673,390,2390,3
2.39517,391,2391,3
-5.15585,392,2392,3
-4.64995,393,2393,3
-0.413015,394,2394,3
-3.69662,395,2395,3
-3.46094,396,2396,3
3.90505,397,2397,3
4.54138,398,2398,3
1.69399,399,2399,3
-3.52791,400,2400,3
0.610724,401,2401,3
-4.80854,402,2402,3
0.303357,403,2403,3
0.253677,404,2404,3
-2.88552,405,2405,3
-0.860159,406,2406,3
0.524505,407,2407,3
3.55339,408,2408,3
-1.75818,409,2409,3
-5.67263,410,2410,3
1.46262,411,2411,3
2.56677,412,2412,3
1.67387,413,2413,3
-1.7778,414,2414,3
-2.77387,415,2415,3
0.338106,416,2416,3
0.00580504,417,2417,3
1.24345,418,2418,3
1.41056,419,2419,3
1.4435,420,2420,3
1.83321,421,2421,3
-0.580265,422,2422,3
4.66173,423,2423,3
2.44388,424,2424,3
4.44398,425,2425,3
4.10273,426,2426,3
0.947024,427,2427,3
2.03532,428,2428,3
-0.639018,429,2429,3
0.895367,430,2430,3
0.347555,431,2431,3
2.70593,432,2432,3
2.50125,433,2433,3
-3.49616,434,2434,3
1.99174,435,2435,3
-0.143963,436,2436,3
-2.93112,437,2437,3
3.5432,438,2438,3
0.748678,439,2439,3
0.676422,440,2440,3
-0.370127,441,2441,3
3.75146,442,2442,3
3.41935,443,2443,3
1.11555,444,2444,3
-0.341709,445,2445,3
2.05171,446,2446,3
0.0344491,447,2447,3
-3.24241,448,2448,3
-4.7013,449,2449,3
2.76494,450,2450,3
-3.16984,451,2451,3
2.8649,452,2452,3
-0.603169,453,2453,3
3.58901,454,2454,3
2.12403,455,2455,3
-3.72796,456,2456,3
-1.66104,457,2457,3
3.07601,458,2458,3
-2.85785,459,2459,3
3.33784,460,2460,3
0.191441,461,2461,3
-0.131731,462,2462,3
-2.49389,463,2463,3
3.21394,464,2464,3
0.432596,465,2465,3
-2.33689,466,2466,3
-1.84982,467,2467,3
3.66923,468,2468,3
2.12054,469,2469,3
-0.357036,470,2470,3
1.72754,471,2471,3
3.34691,472,2472,3
-2.0863,473,2473,3
3.03409,474,2474,3
3.35229,475,2475,3
-0.697669,476,2476,3
-5.24613,477,2477,3
1.23698,478,2478,3
-5.96344,479,2479,3
3.01844,480,2480,3
0.299325,481,2481,3
2.9286,482,2482,3
0.284084,483,2483,3
3.85627,484,2484,3
3.34756,485,2485,3
1.46101,486,2486,3
-0.277603,487,2487,3
3.11272,488,2488,3
0.00576427,489,2489,3
-3.42147,490,2490,3
0.425932,491,2491,3
-0.438144,492,2492,3
-0.157464,493,2493,3
2.34587,494,2494,3
-0.327988,495,2495,3
3.49788,496,2496,3
1.95971,497,2497,3
3.20393,498,2498,3
2.96434,499,2499,3
2.64628,500,2500,3
3.14971,501,2501,3
-1.92272,502,2502,3
1.07584,503,2503,3
1.52565,504,2504,3
1.26301,505,2505,3
2.15386,506,2506,3
2.10026,507,2507,3
-1.63854,508,2508,3
-0.410993,509,2509,3
-4.18341,510,2510,3
2.63053,511,2511,3
-2.9727,512,2512,3
-3.74362,513,2513,3
1.78211,514,2514,3
1.16113,515,2515,3
-2.01577,516,2516,3
4.1678,517,2517,3
4.32711,518,2518,3
-0.447359,519,2519,3
2.56061,520,2520,3
1.5719,521,2521,3
1.21144,522,2522,3
-3.63765,523,2523,3
0.223506,524,2524,3
3.40847,525,2525,3
-4.008,526,2526,3
3.75755,527,2527,3
-0.370032,528,2528,3
3.63628,529,2529,3
2.97383,530,2530,3
4.37277,531,2531,3
3.18158,532,2532,3
-4.40163,533,2533,3
2.07414,534,2534,3
3.72604,535,2535,3
-4.84758,536,2536,3
-0.561081,537,2537,3
0.143958,538,2538,3
0.622088,539,2539,3
2.97506,540,2540,3
0.87339,541,2541,3
-2.79079,542,2542,3
0.394336,543,2543,3
3.46086,544,2544,3
3.12911,545,2545,3
1.49742,546,2546,3
3.42418,547,2547,3
0.713429,548,2548,3
3.84078,549,2549,3
-0.27442,550,2550,3
3.03512,551,2551,3
3.81135,552,2552,3
-5.03843,553,2553,3
2.27039,554,2554,3
-0.7685,555,2555,3
-3.11895,556,2556,3
-0.817613,557,2557,3
3.74918,558,2558,3
-0.767081,559,2559,3
2.8908,560,2560,3
4.04135,561,2561,3
-5.00492,562,2562,3
-3.39417,563,2563,3
-2.71282,564,2564,3
-2.37775,565,2565,3
3.53499,566,2566,3
3.15589,567,2567,3
-0.20096,568,2568,3
-2.16566,569,2569,3
4.05079,570,2570,3
2.73094,571,2571,3
2.90448,572,2572,3
-0.546572,573,2573,3
1.07108,574,2574,3
3.71804,575,2575,3
3.87149,576,2576,3
3.2089,577,2577,3
0.40373,578,2578,3
0.522311,579,2579,3
1.17871,580,2580,3
-0.602335,581,2581,3
1.42218,582,2582,3
-4.20462,583,2583,3
-3.85373,584,2584,3
-2.78178,585,2585,3
-3.07768,586,2586,3
2.29356,587,2587,3
3.62389,588,2588,3
-0.356605,589,2589,3
4.18632,590,2590,3
2.75563,591,2591,3
0.909453,592,2592,3
-1.04773,593,2593,3
-2.87092,594,2594,3
0.533936,595,2595,3
0.127347,596,2596,3
2.08873,597,2597,3
2.7456,598,2598,3
2.04515,599,2599,3
-3.87912,600,2600,3
2.77758,601,2601,3
-3.97481,602,2602,3
-0.100969,603,2603,3
1.22726,604,2604,3
-0.00278014,605,2605,3
0.674889,606,2606,3
2.189,607,2607,3
0.646528,608,2608,3
-5.21729,609,2609,3
-1.84055,610,2610,3
-4.96498,611,2611,3
1.21686,612,2612,3
2.01062,613,2613,3
-1.15424,614,2614,3
-4.38962,615,2615,3
1.92764,616,2616,3
2.03488,617,2617,3
0.11661,618,2618,3
-0.272278,619,2619,3
-4.85837,620,2620,3
-5.1361,621,2621,3
3.46589,622,2622,3
0.304042,623,2623,3
5.55556,624,2624,3
0.228568,625,2625,3
2.46653,626,2626,3
-2.37131,627,2627,3
0.291033,628,2628,3
-4.1458,629,2629,3
1.77785,630,2630,3
-3.31229,631,2631,3
0.969739,632,2632,3
-0.571305,633,2633,3
0.826043,634,2634,3
2.36828,635,2635,3
-2.58622,636,2636,3
0.677783,637,2637,3
3.30755,638,2638,3
2.21501,639,2639,3
-2.59464,640,2640,3
2.79564,641,2641,3
5.21277,642,2642,3
0.672276,643,2643,3
3.82312,644,2644,3
3.47134,645,2645,3
0.340048,646,2646,3
0.0670555,647,2647,3
1.49662,648,2648,3
-1.05576,649,2649,3
0.10271,650,2650,3
0.611447,651,2651,3
2.53901,652,2652,3
-1.14065,653,2653,3
4.17446,654,2654,3
-0.782756,655,2655,3
0.750435,656,2656,3
2.64517,657,2657,3
-1.12995,658,2658,3
3.14735,659,2659,3
1.03664,660,2660,3
-4.38653,661,2661,3
-3.54579,662,2662,3
-6.60761,663,2663,3
-4.00289,664,2664,3
0.630423,665,2665,3
-3.75516,666,2666,3
3.26174,667,2667,3
0.7148,668,2668,3
2.84352,669,2669,3
4.48908,670,2670,3
-3.93159,671,2671,3
-0.280453,672,2672,3
1.2596,673,2673,3
0.764975,674,2674,3
-5.49014,675,2675,3
0.32335,676,2676,3
-1.51709,677,2677,3
-0.135139,678,2678,3
0.25383,679,2679,3
2.76859,680,2680,3
-2.52323,681,2681,3
0.165777,682,2682,3
0.491631,683,2683,3
-2.87386,684,2684,3
1.72625,685,2685,3
-4.50726,686,2686,3
-5.11633,687,2687,3
4.24168,688,2688,3
0.127362,689,2689,3
-2.58107,690,2690,3
1.96765,691,2691,3
2.13906,692,2692,3
2.64735,693,2693,3
-4.43882,694,2694,3
1.34843,695,2695,3
-0.200355,696,2696,3
-3.62591,697,2697,3
2.90102,698,2698,3
-2.57125,699,2699,3
-0.740716,700,2700,3
-2.97375,701,2701,3
2.42876,702,2702,3
3.38445,703,2703,3
3.19758,704,2704,3
2.34322,705,2705,3
-0.574858,706,2706,3
2.85533,707,2707,3
2.27002,708,2708,3
2.2116,709,2709,3
1.76928,710,2710,3
0.845179,711,2711,3
-4.42876,712,2712,3
2.61038,713,2713,3
3.65909,714,2714,3
2.63494,715,2715,3
2.42953,716,2716,3
3.84038,717,2717,3
-3.77142,718,2718,3
-2.95629,719,2719,3
-0.623677,720,2720,3
1.8149,721,2721,3
-1.68619,722,2722,3
3.07663,723,2723,3
-3.78145,724,2724,3
1.84669,725,2725,3
1.54945,726,2726,3
3.88841,727,2727,3
2.74012,728,2728,3
4.10131,729,2729,3
2.24994,730,2730,3
-4.13866,731,2731,3
-3.93666,732,2732,3
0.696213,733,2733,3
2.32922,734,2734,3
0.0832332,735,2735,3
4.40658,736,2736,3
-1.22713,737,2737,3
3.67133,738,2738,3
-1.10502,739,2739,3
-0.299748,740,2740,3
0.218387,741,2741,3
1.70083,742,2742,3
1.60581,743,2743,3
-0.863577,744,2744,3
2.11797,745,2745,3
-3.39527,746,2746,3
0.213559,747,2747,3
3.55076,748,2748,3
0.0772133,749,2749,3
4.50411,750,2750,3
0.308567,751,2751,3
-0.0551967,752,2752,3
-4.05085,753,2753,3
2.44148,754,2754,3
3.08586,755,2755,3
-0.453934,756,2756,3
-3.57246,757,2757,3
2.75242,758,2758,3
-0.425297,759,2759,3
1.09469,760,2760,3
0.38988,761,2761,3
2.80465,762,2762,3
-2.94632,763,2763,3
-5.08598,764,2764,3
3.67304,765,2765,3
3.16216,766,2766,3
3.72903,767,2767,3
1.76807,768,2768,3
2.08365,769,2769,3
-3.16754,770,2770,3
-0.180617,771,2771,3
3.17587,772,2772,3
3.89731,773,2773,3
4.08015,774,2774,3
2.96216,775,2775,3
-4.30296,776,2776,3
-4.6816,777,2777,3
-1.59957,778,2778,3
2.45332,779,2779,3
3.3805,780,2780,3
0.962143,781,2781,3
3.22206,782,2782,3
-1.58944,783,2783,3
-5.06391,784,2784,3
-3.95092,785,2785,3
-4.83068,786,2786,3
2.95606,787,2787,3
-0.381077,788,2788,3
1.23541,789,2789,3
1.68565,790,2790,3
0.0221448,791,2791,3
-4.09285,792,2792,3
-3.98988,793,2793,3
1.82844,794,2794,3
2.71439,795,2795,3
2.0244,796,2796,3
1.85182,797,2797,3
-5.03781,798,2798,3
2.92968,799,2799,3
-0.296522,800,2800,3
3.66066,801,2801,3
2.04223,802,2802,3
-1.57884,803,2803,3
-3.63058,804,2804,3
-3.76302,805,2805,3
3.61698,806,2806,3
0.702934,807,2807,3
-0.02207,808,2808,3
2.59247,809,2809,3
0.745484,810,2810,3
0.146082,811,2811,3
2.13581,812,2812,3
3.47529,813,2813,3
3.65054,814,2814,3
2.62031,815,2815,3
3.32168,816,2816,3
0.969006,817,2817,3
-5.38151,818,2818,3
-3.65681,819,2819,3
-0.0594717,820,2820,3
-0.122931,821,2821,3
-0.233127,822,2822,3
-3.11262,823,2823,3
2.16932,824,2824,3
-4.77942,825,2825,3
2.75209,826,2826,3
0.648464,827,2827,3
0.949883,828,2828,3
0.0573713,829,2829,3
1.29818,830,2830,3
-3.27955,831,2831,3
-2.80875,832,2832,3
1.92641,833,2833,3
2.36251,834,2834,3
2.70229,835,2835,3
2.64386,836,2836,3
3.06562,837,2837,3
3.12908,838,2838,3
3.77044,839,2839,3
-5.49819,840,2840,3
2.4336700000000002,841,2841,3
0.621539,842,2842,3
3.35271,843,2843,3
5.09237,844,2844,3
-0.384073,845,2845,3
2.28189,846,2846,3
2.43936,847,2847,3
2.47108,848,2848,3
-0.22832,849,2849,3
1.98691,850,2850,3
4.05001,851,2851,3
0.964397,852,2852,3
4.11784,853,2853,3
2.90845,854,2854,3
-1.452,855,2855,3
-4.46785,856,2856,3
-3.53496,857,2857,3
-3.90142,858,2858,3
5.10357,859,2859,3
-0.306538,860,2860,3
3.63974,861,2861,3
4.58398,862,2862,3
1.63416,863,2863,3
-0.163322,864,2864,3
1.30959,865,2865,3
2.04267,866,2866,3
-3.17369,867,2867,3
2.17931,868,2868,3
-4.28428,869,2869,3
3.48164,870,2870,3
-4.0212,871,2871,3
3.90844,872,2872,3
-3.94554,873,2873,3
-0.545553,874,2874,3
-3.12001,875,2875,3
0.0610179,876,2876,3
0.26042,877,2877,3
2.21549,878,2878,3
3.26203,879,2879,3
-3.34469,880,2880,3
-3.82532,881,2881,3
-3.97189,882,2882,3
1.96669,883,2883,3
0.918873,884,2884,3
-5.76556,885,2885,3
0.819906,886,2886,3
0.425388,887,2887,3
-2.58973,888,2888,3
3.66954,889,2889,3
2.8221,890,2890,3
3.68921,891,2891,3
-1.27002,892,2892,3
1.2406,893,2893,3
3.30534,894,2894,3
-2.97947,895,2895,3
2.35098,896,2896,3
0.440032,897,2897,3
1.30019,898,2898,3
0.26301,899,2899,3
3.80263,900,2900,3
3.74194,901,2901,3
-3.773,902,2902,3
0.473263,903,2903,3
3.15174,904,2904,3
-0.344116,905,2905,3
0.400833,906,2906,3
0.651099,907,2907,3
0.474073,908,2908,3
1.37393,909,2909,3
3.40222,910,2910,3
-0.866463,911,2911,3
2.58228,912,2912,3
1.4978,913,2913,3
3.80964,914,2914,3
4.78801,915,2915,3
-1.78763,916,2916,3
4.74737,917,2917,3
3.7395,918,2918,3
3.15991,919,2919,3
-5.19274,920,2920,3
4.2359,921,2921,3
-4.22755,922,2922,3
-0.863061,923,2923,3
0.945369,924,2924,3
-2.8274,925,2925,3
2.83889,926,2926,3
2.15451,927,2927,3
-0.199422,928,2928,3
0.959847,929,2929,3
-2.99015,930,2930,3
-4.77167,931,2931,3
1.38882,932,2932,3
2.18388,933,2933,3
2.58988,934,2934,3
-2.23062,935,2935,3
-4.40947,936,2936,3
-5.23451,937,2937,3
-0.0548505,938,2938,3
1.73632,939,2939,3
0.629212,940,2940,3
3.32651,941,2941,3
-0.643819,942,2942,3
-0.277638,943,2943,3
4.51485,944,2944,3
2.21471,945,2945,3
0.15113,946,2946,3
-5.40056,947,2947,3
1.62842,948,2948,3
-0.199716,949,2949,3
-2.42144,950,2950,3
-2.91678,951,2951,3
3.613,952,2952,3
1.91051,953,2953,3
3.4594,954,2954,3
4.47967,955,2955,3
2.77571,956,2956,3
3.32456,957,2957,3
-0.828384,958,2958,3
3.90851,959,2959,3
3.65345,960,2960,3
2.91548,961,2961,3
-4.79935,962,2962,3
-0.596672,963,2963,3
-1.44316,964,2964,3
2.7891,965,2965,3
-4.64534,966,2966,3
-1.02477,967,2967,3
1.91001,968,2968,3
-0.865627,969,2969,3
-0.704158,970,2970,3
-4.20398,971,2971,3
3.83584,972,2972,3
4.44183,973,2973,3
-3.20459,974,2974,3
-3.05066,975,2975,3
2.31141,976,2976,3
2.51457,977,2977,3
-4.64977,978,2978,3
-1.09769,979,2979,3
1.82319,980,2980,3
4.09939,981,2981,3
1.1462,982,2982,3
2.90607,983,2983,3
-0.722411,984,2984,3
0.504336,985,2985,3
-2.60692,986,2986,3
2.53099,987,2987,3
-1.00052,988,2988,3
-0.458246,989,2989,3
-0.278266,990,2990,3
3.71767,991,2991,3
-5.76654,992,2992,3
1.93529,993,2993,3
3.19621,994,2994,3
0.571033,995,2995,3
0.566241,996,2996,3
3.00168,997,2997,3
4.2154,998,2998,3
-0.463961,999,2999,3
-3.54954,1000,3000,3
0.710356,1,3001,4
-5.05259,2,3002,4
0.434185,3,3003,4
3.19272,4,3004,4
0.158561,5,3005,4
-1.63159,6,3006,4
3.74545,7,3007,4
0.563475,8,3008,4
0.694583,9,3009,4
-4.96761,10,3010,4
-5.34148,11,3011,4
1.44908,12,3012,4
-4.47825,13,3013,4
3.49219,14,3014,4
-2.12666,15,3015,4
0.365227,16,3016,4
-1.14987,17,3017,4
2.54518,18,3018,4
3.43056,19,3019,4
-4.31322,20,3020,4
-2.58898,21,3021,4
-0.81428,22,3022,4
-3.28389,23,3023,4
3.3553,24,3024,4
0.819052,25,3025,4
-1.85273,26,3026,4
2.84613,27,3027,4
2.4539,28,3028,4
3.5544,29,3029,4
-5.42702,30,3030,4
0.777268,31,3031,4
-3.24551,32,3032,4
3.33808,33,3033,4
3.07898,34,3034,4
0.876719,35,3035,4
1.17663,36,3036,4
0.894189,37,3037,4
0.0319381,38,3038,4
2.2661,39,3039,4
-0.0945135,40,3040,4
3.39028,41,3041,4
-5.95907,42,3042,4
3.97474,43,3043,4
2.5179,44,3044,4
-4.57624,45,3045,4
3.67568,46,3046,4
-3.60168,47,3047,4
3.92338,48,3048,4
2.834,49,3049,4
-4.73482,50,3050,4
-5.50936,51,3051,4
3.65554,52,3052,4
4.09194,53,3053,4
-4.13671,54,3054,4
2.64184,55,3055,4
-2.32709,56,3056,4
3.62201,57,3057,4
0.741327,58,3058,4
1.07328,59,3059,4
0.44523,60,3060,4
0.635224,61,3061,4
3.87692,62,3062,4
-3.43534,63,3063,4
2.46287,64,3064,4
-1.36788,65,3065,4
2.70636,66,3066,4
-0.949356,67,3067,4
0.0722724,68,3068,4
0.915747,69,3069,4
4.35394,70,3070,4
-0.154218,71,3071,4
2.05015,72,3072,4
-2.22041,73,3073,4
0.862648,74,3074,4
-4.22446,75,3075,4
3.72316,76,3076,4
3.45928,77,3077,4
0.222382,78,3078,4
0.642501,79,3079,4
3.91317,80,3080,4
-0.607989,81,3081,4
1.4997,82,3082,4
-1.06143,83,3083,4
-1.56468,84,3084,4
-3.13377,85,3085,4
-0.181943,86,3086,4
3.87556,87,3087,4
-2.40499,88,3088,4
-0.6619,89,3089,4
-0.671132,90,3090,4
-5.65777,91,3091,4
0.700551,92,3092,4
4.26259,93,3093,4
3.0058,94,3094,4
0.0284648,95,3095,4
2.43198,96,3096,4
2.29811,97,3097,4
3.41253,98,3098,4
-0.910926,99,3099,4
2,100,3100,4
-3.23309,101,3101,4
2.56582,102,3102,4
0.710044,103,3103,4
2.78764,104,3104,4
0.210786,105,3105,4
3.4899,106,3106,4
1.89186,107,3107,4
-3.79441,108,3108,4
1.89729,109,3109,4
1.13743,110,3110,4
1.90461,111,3111,4
2.11849,112,3112,4
-4.38073,113,3113,4
1.46437,114,3114,4
-1.27401,115,3115,4
1.5974,116,3116,4
1.80045,117,3117,4
2.931,118,3118,4
-2.79933,119,3119,4
0.926821,120,3120,4
-3.02453,121,3121,4
-0.379011,122,3122,4
4.51201,123,3123,4
-2.54206,124,3124,4
2.74236,125,3125,4
-5.16844,126,3126,4
2.28021,127,3127,4
3.86145,128,3128,4
3.22188,129,3129,4
0.478615,130,3130,4
-1.24139,131,3131,4
-3.71329,132,3132,4
0.485963,133,3133,4
-6.15411,134,3134,4
-2.89351,135,3135,4
3.46715,136,3136,4
1.39586,137,3137,4
-1.01511,138,3138,4
1.76647,139,3139,4
1.1853,140,3140,4
0.490124,141,3141,4
4.0823,142,3142,4
0.543528,143,3143,4
3.30557,144,3144,4
3.25475,145,3145,4
1.98484,146,3146,4
4.61317,147,3147,4
3.78571,148,3148,4
1.60041,149,3149,4
2.712,150,3150,4
4.09978,151,3151,4
-3.77438,152,3152,4
-0.283291,153,3153,4
3.26058,154,3154,4
-5.00164,155,3155,4
2.50154,156,3156,4
1.69485,157,3157,4
1.07432,158,3158,4
0.266227,159,3159,4
-3.38541,160,3160,4
3.10674,161,3161,4
-0.87794,162,3162,4
2.86316,163,3163,4
1.429,164,3164,4
-0.390002,165,3165,4
1.40289,166,3166,4
5.31996,167,3167,4
0.531226,168,3168,4
-0.0607213,169,3169,4
3.18634,170,3170,4
3.99184,171,3171,4
0.302149,172,3172,4
3.31947,173,3173,4
0.824569,174,3174,4
-0.464546,175,3175,4
0.462742,176,3176,4
2.73051,177,3177,4
2.56449,178,3178,4
0.574117,179,3179,4
-0.147238,180,3180,4
2.35513,181,3181,4
-3.99419,182,3182,4
3.38508,183,3183,4
-3.5629,184,3184,4
4.22938,185,3185,4
-5.50857,186,3186,4
3.89746,187,3187,4
1.87066,188,3188,4
3.46062,189,3189,4
3.51117,190,3190,4
2.31365,191,3191,4
-2.71268,192,3192,4
-1.28875,193,3193,4
-1.96647,194,3194,4
-4.95598,195,3195,4
-4.29179,196,3196,4
0.664841,197,3197,4
-1.74642,198,3198,4
2.00858,199,3199,4
2.92565,200,3200,4
-1.02089,201,3201,4
1.06689,202,3202,4
3.18966,203,3203,4
-3.36187,204,3204,4
3.37423,205,3205,4
2.13547,206,3206,4
-1.86505,207,3207,4
0.0382388,208,3208,4
2.0305,209,3209,4
1.95736,210,3210,4
1.70466,211,3211,4
2.49361,212,3212,4
2.95645,213,3213,4
1.49546,214,3214,4
-0.21112,215,3215,4
0.810475,216,3216,4
-4.12113,217,3217,4
-0.261058,218,3218,4
3.10579,219,3219,4
-3.12239,220,3220,4
2.23584,221,3221,4
-0.457556,222,3222,4
-4.25709,223,3223,4
3.98925,224,3224,4
-0.476924,225,3225,4
-3.99566,226,3226,4
1.08586,227,3227,4
3.02961,228,3228,4
0.426885,229,3229,4
0.893306,230,3230,4
2.10958,231,3231,4
0.955582,232,3232,4
-5.12135,233,3233,4
3.4302,234,3234,4
-0.398224,235,3235,4
1.99961,236,3236,4
-4.9696,237,3237,4
-1.3892,238,3238,4
-2.90039,239,3239,4
-3.88468,240,3240,4
2.50845,241,3241,4
2.20711,242,3242,4
4.1158,243,3243,4
-4.04983,244,3244,4
2.21943,245,3245,4
1.25658,246,3246,4
4.35723,247,3247,4
1.51221,248,3248,4
1.06128,249,3249,4
1.16994,250,3250,4
3.67885,251,3251,4
-0.448798,252,3252,4
1.59247,253,3253,4
1.6275,254,3254,4
5.20515,255,3255,4
-0.305625,256,3256,4
4.18079,257,3257,4
-4.25389,258,3258,4
-0.364296,259,3259,4
-4.16436,260,3260,4
-3.65181,261,3261,4
-2.09597,262,3262,4
2.10307,263,3263,4
-0.335554,264,3264,4
2.39276,265,3265,4
3.806,266,3266,4
-0.955031,267,3267,4
3.35871,268,3268,4
-0.51178,269,3269,4
-5.40956,270,3270,4
-4.41724,271,3271,4
2.52314,272,3272,4
-1.33555,273,3273,4
0.151329,274,3274,4
-0.793406,275,3275,4
0.791009,276,3276,4
3.08895,277,3277,4
0.616096,278,3278,4
-0.107287,279,3279,4
5.42807,280,3280,4
-4.2711,281,3281,4
-0.450503,282,3282,4
-0.485353,283,3283,4
3.00189,284,3284,4
-3.90198,285,3285,4
0.150034,286,3286,4
-0.492292,287,3287,4
1.95418,288,3288,4
3.45379,289,3289,4
1.67709,290,3290,4
-5.81595,291,3291,4
-0.583635,292,3292,4
2.48405,293,3293,4
-1.081,294,3294,4
2.94497,295,3295,4
-0.906277,296,3296,4
-5.88777,297,3297,4
1.75232,298,3298,4
5.42821,299,3299,4
4.13091,300,3300,4
2.62876,301,3301,4
2.54569,302,3302,4
1.75623,303,3303,4
1.24474,304,3304,4
-2.52051,305,3305,4
2.54091,306,3306,4
0.451638,307,3307,4
2.90422,308,3308,4
1.06771,309,3309,4
1.84477,310,3310,4
-1.05699,311,3311,4
3.44473,312,3312,4
-3.33765,313,3313,4
3.86948,314,3314,4
0.337166,315,3315,4
1.15629,316,3316,4
0.961374,317,3317,4
-4.59236,318,3318,4
4.39904,319,3319,4
-0.221841,320,3320,4
-4.01867,321,3321,4
2.98517,322,3322,4
3.75665,323,3323,4
3.61687,324,3324,4
-0.216153,325,3325,4
2.82371,326,3326,4
0.596234,327,3327,4
2.72092,328,3328,4
2.02561,329,3329,4
1.41892,330,3330,4
-0.601724,331,3331,4
-3.19069,332,3332,4
2.91175,333,3333,4
4.41223,334,3334,4
2.11429,335,3335,4
-0.290274,336,3336,4
-3.04426,337,3337,4
1.1325,338,3338,4
2.35782,339,3339,4
0.920504,340,3340,4
1.23359,341,3341,4
2.06599,342,3342,4
-4.17881,343,3343,4
-1.21057,344,3344,4
2.65941,345,3345,4
3.40481,346,3346,4
-0.19058,347,3347,4
0.997821,348,3348,4
2.48879,349,3349,4
0.286393,350,3350,4
-0.493499,351,3351,4
2.13173,352,3352,4
1.75106,353,3353,4
0.620302,354,3354,4
-3.97181,355,3355,4
0.541723,356,3356,4
2.58117,357,3357,4
-1.86445,358,3358,4
0.147192,359,3359,4
4.67707,360,3360,4
1.17428,361,3361,4
3.08344,362,3362,4
-3.94492,363,3363,4
-4.3968,364,3364,4
-0.101572,365,3365,4
2.18811,366,3366,4
-2.90229,367,3367,4
1.73432,368,3368,4
0.700866,369,3369,4
5.0337,370,3370,4
-4.58117,371,3371,4
3.08678,372,3372,4
2.39028,373,3373,4
-1.73098,374,3374,4
0.667986,375,3375,4
0.869405,376,3376,4
-0.713592,377,3377,4
1.4866,378,3378,4
0.872356,379,3379,4
-1.42332,380,3380,4
1.60049,381,3381,4
-1.50129,382,3382,4
5.39739,383,3383,4
2.01467,384,3384,4
4.99055,385,3385,4
1.99215,386,3386,4
-0.385318,387,3387,4
2.87965,388,3388,4
0.30972,389,3389,4
-0.793457,390,3390,4
0.516364,391,3391,4
1.77746,392,3392,4
-3.40241,393,3393,4
1.53521,394,3394,4
-0.462694,395,3395,4
-1.66068,396,3396,4
3.20458,397,3397,4
4.67728,398,3398,4
0.493176,399,3399,4
-0.494653,400,3400,4
-1.99144,401,3401,4
0.129134,402,3402,4
0.107542,403,3403,4
2.15931,404,3404,4
-0.685691,405,3405,4
0.248869,406,3406,4
1.84112,407,3407,4
3.47806,408,3408,4
4.63263,409,3409,4
2.65739,410,3410,4
-0.321023,411,3411,4
0.223112,412,3412,4
3.60467,413,3413,4
0.00405182,414,3414,4
0.315387,415,3415,4
4.59512,416,3416,4
2.15834,417,3417,4
2.5138,418,3418,4
-0.833032,419,3419,4
2.68592,420,3420,4
2.05163,421,3421,4
-3.72108,422,3422,4
1.81012,423,3423,4
-3.05959,424,3424,4
-5.99408,425,3425,4
-0.108435,426,3426,4
-4.17935,427,3427,4
1.30248,428,3428,4
-0.0729744,429,3429,4
-0.988761,430,3430,4
-0.191971,431,3431,4
3.40954,432,3432,4
-2.31994,433,3433,4
3.27315,434,3434,4
1.68451,435,3435,4
1.03219,436,3436,4
1.09174,437,3437,4
-3.35098,438,3438,4
2.29138,439,3439,4
4.31763,440,3440,4
-4.57767,441,3441,4
-4.18748,442,3442,4
3.78585,443,3443,4
2.51996,444,3444,4
-3.15145,445,3445,4
4.10384,446,3446,4
-0.832985,447,3447,4
3.10458,448,3448,4
0.0133573,449,3449,4
2.81042,450,3450,4
-1.69965,451,3451,4
-3.76468,452,3452,4
-2.91974,453,3453,4
-1.08659,454,3454,4
3.82814,455,3455,4
-0.500186,456,3456,4
2.95971,457,3457,4
-4.07581,458,3458,4
3.39278,459,3459,4
0.480083,460,3460,4
-0.412816,461,3461,4
3.55295,462,3462,4
1.38202,463,3463,4
0.968244,464,3464,4
-0.156748,465,3465,4
3.54961,466,3466,4
3.908,467,3467,4
3.13013,468,3468,4
-4.71836,469,3469,4
1.16918,470,3470,4
0.348072,471,3471,4
4.47057,472,3472,4
2.69641,473,3473,4
2.3841,474,3474,4
-5.45986,475,3475,4
2.06643,476,3476,4
-1.30136,477,3477,4
2.87981,478,3478,4
-2.8411,479,3479,4
1.54239,480,3480,4
-0.523714,481,3481,4
-2.13463,482,3482,4
-0.90964,483,3483,4
-4.23453,484,3484,4
-0.77712,485,3485,4
2.73057,486,3486,4
-0.354518,487,3487,4
3.90914,488,3488,4
2.57066,489,3489,4
-4.98128,490,3490,4
2.39909,491,3491,4
3.26909,492,3492,4
2.71874,493,3493,4
-0.379332,494,3494,4
1.04691,495,3495,4
2.48952,496,3496,4
0.825234,497,3497,4
1.66253,498,3498,4
3.08642,499,3499,4
-4.88933,500,3500,4
-4.05483,501,3501,4
-0.410735,502,3502,4
4.81168,503,3503,4
2.9605,504,3504,4
0.407534,505,3505,4
2.45708,506,3506,4
-3.49882,507,3507,4
2.66859,508,3508,4
-0.432058,509,3509,4
3.56575,510,3510,4
0.686735,511,3511,4
3.39073,512,3512,4
3.69493,513,3513,4
2.49074,514,3514,4
3.92543,515,3515,4
-4.26658,516,3516,4
1.77064,517,3517,4
2.52816,518,3518,4
-4.81496,519,3519,4
0.995723,520,3520,4
-0.481459,521,3521,4
3.72774,522,3522,4
-4.83115,523,3523,4
-6.00575,524,3524,4
-0.714311,525,3525,4
2.8465,526,3526,4
0.575384,527,3527,4
5.01979,528,3528,4
-4.52086,529,3529,4
3.0798,530,3530,4
3.02945,531,3531,4
2.25762,532,3532,4
1.85822,533,3533,4
-1.57001,534,3534,4
-4.12697,535,3535,4
-5.85541,536,3536,4
3.06458,537,3537,4
-5.20361,538,3538,4
3.94921,539,3539,4
-3.96321,540,3540,4
-4.07911,541,3541,4
-3.52655,542,3542,4
2.77098,543,3543,4
1.92645,544,3544,4
-0.121138,545,3545,4
1.90106,546,3546,4
2.50122,547,3547,4
-3.38196,548,3548,4
4.17622,549,3549,4
-6.05146,550,3550,4
1.40794,551,3551,4
-0.913346,552,3552,4
2.68886,553,3553,4
-4.22336,554,3554,4
0.50782,555,3555,4
1.806,556,3556,4
3.40968,557,3557,4
-1.71294,558,3558,4
1.39243,559,3559,4
0.241859,560,3560,4
4.68218,561,3561,4
3.74302,562,3562,4
4.26011,563,3563,4
-3.6263,564,3564,4
-4.4241,565,3565,4
-4.46332,566,3566,4
3.71138,567,3567,4
3.33589,568,3568,4
4.42389,569,3569,4
3.78415,570,3570,4
0.0790347,571,3571,4
0.611203,572,3572,4
-0.68637,573,3573,4
3.2008,574,3574,4
4.44661,575,3575,4
4.48503,576,3576,4
3.32406,577,3577,4
3.73092,578,3578,4
-0.0141503,579,3579,4
2.73981,580,3580,4
0.917272,581,3581,4
-4.35004,582,3582,4
-4.65261,583,3583,4
-0.135438,584,3584,4
4.18137,585,3585,4
-0.666183,586,3586,4
-4.51962,587,3587,4
3.597,588,3588,4
4.88588,589,3589,4
3.79203,590,3590,4
2.60852,591,3591,4
-0.4179,592,3592,4
2.69852,593,3593,4
1.4599,594,3594,4
3.60933,595,3595,4
1.12141,596,3596,4
-3.69487,597,3597,4
-3.09708,598,3598,4
0.559756,599,3599,4
-0.801338,600,3600,4
2.70802,601,3601,4
-0.653362,602,3602,4
-1.17291,603,3603,4
-1.23233,604,3604,4
3.83251,605,3605,4
0.475401,606,3606,4
2.41056,607,3607,4
2.66012,608,3608,4
0.285914,609,3609,4
2.85665,610,3610,4
2.95494,611,3611,4
-1.38604,612,3612,4
2.42374,613,3613,4
-0.244101,614,3614,4
0.0088483,615,3615,4
-4.58887,616,3616,4
-1.09096,617,3617,4
4.29724,618,3618,4
-0.772942,619,3619,4
0.626643,620,3620,4
3.18467,621,3621,4
1.99513,622,3622,4
-0.143164,623,3623,4
-0.183388,624,3624,4
5.22002,625,3625,4
3.25917,626,3626,4
-4.49546,627,3627,4
3.21716,628,3628,4
-0.413119,629,3629,4
0.800409,630,3630,4
3.45911,631,3631,4
1.43348,632,3632,4
-0.712672,633,3633,4
0.122668,634,3634,4
-4.22783,635,3635,4
3.22625,636,3636,4
-0.717872,637,3637,4
2.0764,638,3638,4
3.06424,639,3639,4
3.03578,640,3640,4
4.44318,641,3641,4
-2.78607,642,3642,4
0.964024,643,3643,4
2.79371,644,3644,4
0.121677,645,3645,4
-3.8156,646,3646,4
1.17335,647,3647,4
0.159571,648,3648,4
-0.399769,649,3649,4
-0.623299,650,3650,4
0.123528,651,3651,4
1.15193,652,3652,4
4.10747,653,3653,4
-0.040364,654,3654,4
0.238464,655,3655,4
2.771,656,3656,4
1.36637,657,3657,4
2.14188,658,3658,4
-2.23061,659,3659,4
-1.87725,660,3660,4
1.21169,661,3661,4
4.68621,662,3662,4
-0.0252273,663,3663,4
3.28205,664,3664,4
4.71182,665,3665,4
-0.952734,666,3666,4
4.10754,667,3667,4
4.68878,668,3668,4
3.2268,669,3669,4
3.4779,670,3670,4
2.65373,671,3671,4
3.40528,672,3672,4
4.0589,673,3673,4
0.349492,674,3674,4
-4.57449,675,3675,4
0.205144,676,3676,4
-4.50883,677,3677,4
-4.50709,678,3678,4
3.63519,679,3679,4
3.86203,680,3680,4
2.73618,681,3681,4
-2.91263,682,3682,4
4.57929,683,3683,4
4.00237,684,3684,4
-2.12286,685,3685,4
3.48156,686,3686,4
0.76729,687,3687,4
-4.58294,688,3688,4
0.866648,689,3689,4
0.32714,690,3690,4
0.204746,691,3691,4
-1.84709,692,3692,4
0.0322434,693,3693,4
3.64484,694,3694,4
0.169456,695,3695,4
0.488169,696,3696,4
2.04892,697,3697,4
0.742283,698,3698,4
3.17142,699,3699,4
-0.996957,700,3700,4
0.379799,701,3701,4
3.83303,702,3702,4
2.99561,703,3703,4
-3.17811,704,3704,4
-4.15009,705,3705,4
-5.33978,706,3706,4
3.59977,707,3707,4
2.4998,708,3708,4
-4.06221,709,3709,4
1.09789,710,3710,4
-5.39788,711,3711,4
-0.229018,712,3712,4
2.23647,713,3713,4
-0.612032,714,3714,4
3.13526,715,3715,4
2.42814,716,3716,4
-0.986454,717,3717,4
2.84406,718,3718,4
-4.44425,719,3719,4
1.69466,720,3720,4
1.23136,721,3721,4
-0.785948,722,3722,4
2.72402,723,3723,4
-4.75099,724,3724,4
2.48573,725,3725,4
1.40699,726,3726,4
0.0803138,727,3727,4
-1.0627,728,3728,4
3.38641,729,3729,4
-4.2368,730,3730,4
0.0204148,731,3731,4
-4.96282,732,3732,4
-1.2933,733,3733,4
3.77886,734,3734,4
4.64629,735,3735,4
-3.67685,736,3736,4
-0.22447,737,3737,4
3.25626,738,3738,4
0.763076,739,3739,4
-0.31639,740,3740,4
4.78722,741,3741,4
3.07316,742,3742,4
-4.86477,743,3743,4
-4.85808,744,3744,4
3.36964,745,3745,4
2.46253,746,3746,4
0.839236,747,3747,4
-3.56972,748,3748,4
-2.79908,749,3749,4
-2.67566,750,3750,4
3.83692,751,3751,4
-5.31189,752,3752,4
1.98796,753,3753,4
-3.02685,754,3754,4
-4.02692,755,3755,4
2.14234,756,3756,4
2.40312,757,3757,4
-0.740554,758,3758,4
0.0303534,759,3759,4
-2.15031,760,3760,4
-1.11415,761,3761,4
0.834575,762,3762,4
0.445695,763,3763,4
2.96634,764,3764,4
0.962003,765,3765,4
-0.383116,766,3766,4
0.128381,767,3767,4
3.191,768,3768,4
-1.85756,769,3769,4
-1.83533,770,3770,4
3.38019,771,3771,4
0.271837,772,3772,4
1.12061,773,3773,4
3.17181,774,3774,4
2.99838,775,3775,4
2.96238,776,3776,4
-0.401105,777,3777,4
3.91171,778,3778,4
-0.598378,779,3779,4
-4.01485,780,3780,4
-1.06487,781,3781,4
4.36321,782,3782,4
2.84047,783,3783,4
-0.506877,784,3784,4
3.02932,785,3785,4
4.01817,786,3786,4
-0.00255379,787,3787,4
1.62145,788,3788,4
4.50822,789,3789,4
2.19191,790,3790,4
2.7972,791,3791,4
5.18546,792,3792,4
2.56937,793,3793,4
4.59428,794,3794,4
6.29043,795,3795,4
-1.09118,796,3796,4
4.03321,797,3797,4
-0.403516,798,3798,4
1.57055,799,3799,4
0.579187,800,3800,4
4.89641,801,3801,4
3.55868,802,3802,4
-3.60397,803,3803,4
4.30102,804,3804,4
-0.207259,805,3805,4
-0.0256149,806,3806,4
4.04073,807,3807,4
0.360927,808,3808,4
-6.59106,809,3809,4
0.649455,810,3810,4
-2.74667,811,3811,4
2.75068,812,3812,4
-0.384043,813,3813,4
0.931825,814,3814,4
2.93091,815,3815,4
3.56085,816,3816,4
3.6879,817,3817,4
2.58466,818,3818,4
4.39626,819,3819,4
-0.950114,820,3820,4
2.25014,821,3821,4
-4.48019,822,3822,4
-5.61134,823,3823,4
1.26465,824,3824,4
3.34083,825,3825,4
1.44687,826,3826,4
-5.17543,827,3827,4
-5.23516,828,3828,4
-3.87716,829,3829,4
-1.26052,830,3830,4
-3.49398,831,3831,4
-0.0746474,832,3832,4
3.43052,833,3833,4
3.89488,834,3834,4
0.876103,835,3835,4
-2.87812,836,3836,4
0.687198,837,3837,4
-0.608444,838,3838,4
1.38323,839,3839,4
4.36814,840,3840,4
1.11588,841,3841,4
3.25122,842,3842,4
-3.63271,843,3843,4
3.28902,844,3844,4
-3.86562,845,3845,4
-0.429149,846,3846,4
3.05862,847,3847,4
1.99049,848,3848,4
2.86252,849,3849,4
-0.0741057,850,3850,4
-2.28732,851,3851,4
-0.557181,852,3852,4
3.51367,853,3853,4
2.2274,854,3854,4
-4.43131,855,3855,4
2.75805,856,3856,4
1.10406,857,3857,4
0.641138,858,3858,4
1.06524,859,3859,4
3.82086,860,3860,4
-0.378274,861,3861,4
-0.925983,862,3862,4
3.67293,863,3863,4
0.159308,864,3864,4
-0.361437,865,3865,4
2.52074,866,3866,4
0.879745,867,3867,4
1.66689,868,3868,4
-4.23384,869,3869,4
0.699626,870,3870,4
4.76226,871,3871,4
0.983036,872,3872,4
-4.04859,873,3873,4
3.39059,874,3874,4
2.82245,875,3875,4
2.48835,876,3876,4
-3.36568,877,3877,4
-3.9969,878,3878,4
2.31903,879,3879,4
-5.18859,880,3880,4
2.35068,881,3881,4
-0.502296,882,3882,4
0.413329,883,3883,4
3.90948,884,3884,4
-1.11943,885,3885,4
3.87476,886,3886,4
-3.84539,887,3887,4
1.94255,888,3888,4
-0.384229,889,3889,4
-0.125829,890,3890,4
3.64339,891,3891,4
-5.40277,892,3892,4
-1.71411,893,3893,4
0.590742,894,3894,4
2.40256,895,3895,4
3.12521,896,3896,4
-1.57636,897,3897,4
-0.839197,898,3898,4
0.162621,899,3899,4
-0.773553,900,3900,4
0.820441,901,3901,4
4.15649,902,3902,4
3.52231,903,3903,4
-0.0686986,904,3904,4
-0.724107,905,3905,4
-3.98195,906,3906,4
-3.16489,907,3907,4
3.08579,908,3908,4
0.308801,909,3909,4
0.984797,910,3910,4
-0.283525,911,3911,4
-3.90479,912,3912,4
-0.221488,913,3913,4
-5.76925,914,3914,4
3.42478,915,3915,4
-0.0675978,916,3916,4
4.72204,917,3917,4
-0.686613,918,3918,4
-0.670067,919,3919,4
-4.38812,920,3920,4
-1.29853,921,3921,4
2.33347,922,3922,4
-2.48664,923,3923,4
2.35066,924,3924,4
-0.102514,925,3925,4
2.42685,926,3926,4
-0.873194,927,3927,4
-0.799904,928,3928,4
3.43772,929,3929,4
4.18452,930,3930,4
-0.575565,931,3931,4
-4.22421,932,3932,4
-5.62992,933,3933,4
0.698601,934,3934,4
2.96752,935,3935,4
3.5365,936,3936,4
4.29047,937,3937,4
3.03927,938,3938,4
-1.45787,939,3939,4
0.788021,940,3940,4
-0.247209,941,3941,4
2.89488,942,3942,4
2.49614,943,3943,4
1.71218,944,3944,4
1.41799,945,3945,4
2.31287,946,3946,4
-0.906582,947,3947,4
4.00146,948,3948,4
-2.39802,949,3949,4
2.29893,950,3950,4
2.62051,951,3951,4
-4.61105,952,3952,4
-3.22202,953,3953,4
-4.1298,954,3954,4
-3.58904,955,3955,4
3.2555,956,3956,4
3.41297,957,3957,4
1.83425,958,3958,4
2.27627,959,3959,4
-0.365273,960,3960,4
3.54584,961,3961,4
1.98403,962,3962,4
-5.54506,963,3963,4
1.13121,964,3964,4
-1.18026,965,3965,4
0.632814,966,3966,4
2.65956,967,3967,4
-4.24688,968,3968,4
1.49167,969,3969,4
2.1699,970,3970,4
1.16781,971,3971,4
-0.528778,972,3972,4
-4.01138,973,3973,4
2.69428,974,3974,4
3.86423,975,3975,4
-1.14734,976,3976,4
1.62074,977,3977,4
-0.042071,978,3978,4
-2.56359,979,3979,4
0.331309,980,3980,4
2.4456,981,3981,4
-0.626385,982,3982,4
2.67205,983,3983,4
-1.62624,984,3984,4
2.45833,985,3985,4
1.8878,986,3986,4
2.14974,987,3987,4
-3.42048,988,3988,4
-0.555732,989,3989,4
2.54222,990,3990,4
1.10896,991,3991,4
2.21836,992,3992,4
3.31714,993,3993,4
-1.90418,994,3994,4
0.396341,995,3995,4
-0.0640694,996,3996,4
2.78103,997,3997,4
0.953438,998,3998,4
-3.71125,999,3999,4
1.38321,1000,4000,4
